Workbook

Sheet Tracker Summary
A1: Installation Tracker — Summary by CWP
B3: Status date | C3: 45000 | D3: Input — set to the reporting date. Default = Notice to Proceed (Mar 15, 2023); no actual progress is entered in this sample.
A5: CWP | B5: Name | C5: Items | D5: Weight | E5: Planned % | F5: Earned % | G5: Variance | H5: Not started | I5: On track | J5: Behind | K5: Overdue | L5: Complete | M5: Planned start | N5: Planned finish
A6: CWP 01 | B6: General Requirements & Temporary Works | C6: =COUNTIFS(Tracker!$A$5:$A$467,"Item",Tracker!$B$5:$B$467,$A6) -> 12 | D6: =SUMIFS(Tracker!$O$5:$O$467,Tracker!$A$5:$A$467,"Item",Tracker!$B$5:$B$467,$A6) -> 12 | E6: =IFERROR(SUMPRODUCT((Tracker!$A$5:$A$467="Item")*(Tracker!$B$5:$B$467=$A6)*Tracker!$O$5:$O$467*Tracker!$Q$5:$Q$467)/D6,0) -> 0 | F6: =IFERROR(SUMPRODUCT((Tracker!$A$5:$A$467="Item")*(Tracker!$B$5:$B$467=$A6)*Tracker!$O$5:$O$467*Tracker!$P$5:$P$467)/D6,0) -> 0 | G6: =F6-E6 -> 0 | H6: =COUNTIFS(Tracker!$A$5:$A$467,"Item",Tracker!$B$5:$B$467,$A6,Tracker!$S$5:$S$467,"Not started") -> 4 | I6: =COUNTIFS(Tracker!$A$5:$A$467,"Item",Tracker!$B$5:$B$467,$A6,Tracker!$S$5:$S$467,"On track") -> 8 | J6: =COUNTIFS(Tracker!$A$5:$A$467,"Item",Tracker!$B$5:$B$467,$A6,Tracker!$S$5:$S$467,"Behind") -> 0 | K6: =COUNTIFS(Tracker!$A$5:$A$467,"Item",Tracker!$B$5:$B$467,$A6,Tracker!$S$5:$S$467,"Overdue") -> 0 | L6: =COUNTIFS(Tracker!$A$5:$A$467,"Item",Tracker!$B$5:$B$467,$A6,Tracker!$S$5:$S$467,"Complete") -> 0 | M6: =_xlfn.MINIFS(Tracker!$H$5:$H$467,Tracker!$A$5:$A$467,"Item",Tracker!$B$5:$B$467,$A6) -> 45000 | N6: =_xlfn.MAXIFS(Tracker!$I$5:$I$467,Tracker!$A$5:$A$467,"Item",Tracker!$B$5:$B$467,$A6) -> 45581
A7: CWP 02 | B7: Demolition & Existing Conditions | C7: =COUNTIFS(Tracker!$A$5:$A$467,"Item",Tracker!$B$5:$B$467,$A7) -> 21 | D7: =SUMIFS(Tracker!$O$5:$O$467,Tracker!$A$5:$A$467,"Item",Tracker!$B$5:$B$467,$A7) -> 21 | E7: =IFERROR(SUMPRODUCT((Tracker!$A$5:$A$467="Item")*(Tracker!$B$5:$B$467=$A7)*Tracker!$O$5:$O$467*Tracker!$Q$5:$Q$467)/D7,0) -> 0 | F7: =IFERROR(SUMPRODUCT((Tracker!$A$5:$A$467="Item")*(Tracker!$B$5:$B$467=$A7)*Tracker!$O$5:$O$467*Tracker!$P$5:$P$467)/D7,0) -> 0 | G7: =F7-E7 -> 0 | H7: =COUNTIFS(Tracker!$A$5:$A$467,"Item",Tracker!$B$5:$B$467,$A7,Tracker!$S$5:$S$467,"Not started") -> 21 | I7: =COUNTIFS(Tracker!$A$5:$A$467,"Item",Tracker!$B$5:$B$467,$A7,Tracker!$S$5:$S$467,"On track") -> 0 | J7: =COUNTIFS(Tracker!$A$5:$A$467,"Item",Tracker!$B$5:$B$467,$A7,Tracker!$S$5:$S$467,"Behind") -> 0 | K7: =COUNTIFS(Tracker!$A$5:$A$467,"Item",Tracker!$B$5:$B$467,$A7,Tracker!$S$5:$S$467,"Overdue") -> 0 | L7: =COUNTIFS(Tracker!$A$5:$A$467,"Item",Tracker!$B$5:$B$467,$A7,Tracker!$S$5:$S$467,"Complete") -> 0 | M7: =_xlfn.MINIFS(Tracker!$H$5:$H$467,Tracker!$A$5:$A$467,"Item",Tracker!$B$5:$B$467,$A7) -> 45017 | N7: =_xlfn.MAXIFS(Tracker!$I$5:$I$467,Tracker!$A$5:$A$467,"Item",Tracker!$B$5:$B$467,$A7) -> 45443
A8: CWP 03 | B8: Concrete (Cast-in-Place & Precast) | C8: =COUNTIFS(Tracker!$A$5:$A$467,"Item",Tracker!$B$5:$B$467,$A8) -> 30 | D8: =SUMIFS(Tracker!$O$5:$O$467,Tracker!$A$5:$A$467,"Item",Tracker!$B$5:$B$467,$A8) -> 30 | E8: =IFERROR(SUMPRODUCT((Tracker!$A$5:$A$467="Item")*(Tracker!$B$5:$B$467=$A8)*Tracker!$O$5:$O$467*Tracker!$Q$5:$Q$467)/D8,0) -> 0 | F8: =IFERROR(SUMPRODUCT((Tracker!$A$5:$A$467="Item")*(Tracker!$B$5:$B$467=$A8)*Tracker!$O$5:$O$467*Tracker!$P$5:$P$467)/D8,0) -> 0 | G8: =F8-E8 -> 0 | H8: =COUNTIFS(Tracker!$A$5:$A$467,"Item",Tracker!$B$5:$B$467,$A8,Tracker!$S$5:$S$467,"Not started") -> 30 | I8: =COUNTIFS(Tracker!$A$5:$A$467,"Item",Tracker!$B$5:$B$467,$A8,Tracker!$S$5:$S$467,"On track") -> 0 | J8: =COUNTIFS(Tracker!$A$5:$A$467,"Item",Tracker!$B$5:$B$467,$A8,Tracker!$S$5:$S$467,"Behind") -> 0 | K8: =COUNTIFS(Tracker!$A$5:$A$467,"Item",Tracker!$B$5:$B$467,$A8,Tracker!$S$5:$S$467,"Overdue") -> 0 | L8: =COUNTIFS(Tracker!$A$5:$A$467,"Item",Tracker!$B$5:$B$467,$A8,Tracker!$S$5:$S$467,"Complete") -> 0 | M8: =_xlfn.MINIFS(Tracker!$H$5:$H$467,Tracker!$A$5:$A$467,"Item",Tracker!$B$5:$B$467,$A8) -> 45017 | N8: =_xlfn.MAXIFS(Tracker!$I$5:$I$467,Tracker!$A$5:$A$467,"Item",Tracker!$B$5:$B$467,$A8) -> 45481
A9: CWP 05 | B9: Metals (Grating, Railings, Ladders, Stairs) | C9: =COUNTIFS(Tracker!$A$5:$A$467,"Item",Tracker!$B$5:$B$467,$A9) -> 6 | D9: =SUMIFS(Tracker!$O$5:$O$467,Tracker!$A$5:$A$467,"Item",Tracker!$B$5:$B$467,$A9) -> 6 | E9: =IFERROR(SUMPRODUCT((Tracker!$A$5:$A$467="Item")*(Tracker!$B$5:$B$467=$A9)*Tracker!$O$5:$O$467*Tracker!$Q$5:$Q$467)/D9,0) -> 0 | F9: =IFERROR(SUMPRODUCT((Tracker!$A$5:$A$467="Item")*(Tracker!$B$5:$B$467=$A9)*Tracker!$O$5:$O$467*Tracker!$P$5:$P$467)/D9,0) -> 0 | G9: =F9-E9 -> 0 | H9: =COUNTIFS(Tracker!$A$5:$A$467,"Item",Tracker!$B$5:$B$467,$A9,Tracker!$S$5:$S$467,"Not started") -> 6 | I9: =COUNTIFS(Tracker!$A$5:$A$467,"Item",Tracker!$B$5:$B$467,$A9,Tracker!$S$5:$S$467,"On track") -> 0 | J9: =COUNTIFS(Tracker!$A$5:$A$467,"Item",Tracker!$B$5:$B$467,$A9,Tracker!$S$5:$S$467,"Behind") -> 0 | K9: =COUNTIFS(Tracker!$A$5:$A$467,"Item",Tracker!$B$5:$B$467,$A9,Tracker!$S$5:$S$467,"Overdue") -> 0 | L9: =COUNTIFS(Tracker!$A$5:$A$467,"Item",Tracker!$B$5:$B$467,$A9,Tracker!$S$5:$S$467,"Complete") -> 0 | M9: =_xlfn.MINIFS(Tracker!$H$5:$H$467,Tracker!$A$5:$A$467,"Item",Tracker!$B$5:$B$467,$A9) -> 45017 | N9: =_xlfn.MAXIFS(Tracker!$I$5:$I$467,Tracker!$A$5:$A$467,"Item",Tracker!$B$5:$B$467,$A9) -> 45481
A10: CWP 08 | B10: Doors, Frames & Hardware | C10: =COUNTIFS(Tracker!$A$5:$A$467,"Item",Tracker!$B$5:$B$467,$A10) -> 4 | D10: =SUMIFS(Tracker!$O$5:$O$467,Tracker!$A$5:$A$467,"Item",Tracker!$B$5:$B$467,$A10) -> 4 | E10: =IFERROR(SUMPRODUCT((Tracker!$A$5:$A$467="Item")*(Tracker!$B$5:$B$467=$A10)*Tracker!$O$5:$O$467*Tracker!$Q$5:$Q$467)/D10,0) -> 0 | F10: =IFERROR(SUMPRODUCT((Tracker!$A$5:$A$467="Item")*(Tracker!$B$5:$B$467=$A10)*Tracker!$O$5:$O$467*Tracker!$P$5:$P$467)/D10,0) -> 0 | G10: =F10-E10 -> 0 | H10: =COUNTIFS(Tracker!$A$5:$A$467,"Item",Tracker!$B$5:$B$467,$A10,Tracker!$S$5:$S$467,"Not started") -> 4 | I10: =COUNTIFS(Tracker!$A$5:$A$467,"Item",Tracker!$B$5:$B$467,$A10,Tracker!$S$5:$S$467,"On track") -> 0 | J10: =COUNTIFS(Tracker!$A$5:$A$467,"Item",Tracker!$B$5:$B$467,$A10,Tracker!$S$5:$S$467,"Behind") -> 0 | K10: =COUNTIFS(Tracker!$A$5:$A$467,"Item",Tracker!$B$5:$B$467,$A10,Tracker!$S$5:$S$467,"Overdue") -> 0 | L10: =COUNTIFS(Tracker!$A$5:$A$467,"Item",Tracker!$B$5:$B$467,$A10,Tracker!$S$5:$S$467,"Complete") -> 0 | M10: =_xlfn.MINIFS(Tracker!$H$5:$H$467,Tracker!$A$5:$A$467,"Item",Tracker!$B$5:$B$467,$A10) -> 45017 | N10: =_xlfn.MAXIFS(Tracker!$I$5:$I$467,Tracker!$A$5:$A$467,"Item",Tracker!$B$5:$B$467,$A10) -> 45138
A11: CWP 09 | B11: Painting & Coatings | C11: =COUNTIFS(Tracker!$A$5:$A$467,"Item",Tracker!$B$5:$B$467,$A11) -> 1 | D11: =SUMIFS(Tracker!$O$5:$O$467,Tracker!$A$5:$A$467,"Item",Tracker!$B$5:$B$467,$A11) -> 1 | E11: =IFERROR(SUMPRODUCT((Tracker!$A$5:$A$467="Item")*(Tracker!$B$5:$B$467=$A11)*Tracker!$O$5:$O$467*Tracker!$Q$5:$Q$467)/D11,0) -> 0 | F11: =IFERROR(SUMPRODUCT((Tracker!$A$5:$A$467="Item")*(Tracker!$B$5:$B$467=$A11)*Tracker!$O$5:$O$467*Tracker!$P$5:$P$467)/D11,0) -> 0 | G11: =F11-E11 -> 0 | H11: =COUNTIFS(Tracker!$A$5:$A$467,"Item",Tracker!$B$5:$B$467,$A11,Tracker!$S$5:$S$467,"Not started") -> 1 | I11: =COUNTIFS(Tracker!$A$5:$A$467,"Item",Tracker!$B$5:$B$467,$A11,Tracker!$S$5:$S$467,"On track") -> 0 | J11: =COUNTIFS(Tracker!$A$5:$A$467,"Item",Tracker!$B$5:$B$467,$A11,Tracker!$S$5:$S$467,"Behind") -> 0 | K11: =COUNTIFS(Tracker!$A$5:$A$467,"Item",Tracker!$B$5:$B$467,$A11,Tracker!$S$5:$S$467,"Overdue") -> 0 | L11: =COUNTIFS(Tracker!$A$5:$A$467,"Item",Tracker!$B$5:$B$467,$A11,Tracker!$S$5:$S$467,"Complete") -> 0 | M11: =_xlfn.MINIFS(Tracker!$H$5:$H$467,Tracker!$A$5:$A$467,"Item",Tracker!$B$5:$B$467,$A11) -> 45078 | N11: =_xlfn.MAXIFS(Tracker!$I$5:$I$467,Tracker!$A$5:$A$467,"Item",Tracker!$B$5:$B$467,$A11) -> 45224
A12: CWP 10 | B12: Specialties | C12: =COUNTIFS(Tracker!$A$5:$A$467,"Item",Tracker!$B$5:$B$467,$A12) -> 3 | D12: =SUMIFS(Tracker!$O$5:$O$467,Tracker!$A$5:$A$467,"Item",Tracker!$B$5:$B$467,$A12) -> 3 | E12: =IFERROR(SUMPRODUCT((Tracker!$A$5:$A$467="Item")*(Tracker!$B$5:$B$467=$A12)*Tracker!$O$5:$O$467*Tracker!$Q$5:$Q$467)/D12,0) -> 0 | F12: =IFERROR(SUMPRODUCT((Tracker!$A$5:$A$467="Item")*(Tracker!$B$5:$B$467=$A12)*Tracker!$O$5:$O$467*Tracker!$P$5:$P$467)/D12,0) -> 0 | G12: =F12-E12 -> 0 | H12: =COUNTIFS(Tracker!$A$5:$A$467,"Item",Tracker!$B$5:$B$467,$A12,Tracker!$S$5:$S$467,"Not started") -> 3 | I12: =COUNTIFS(Tracker!$A$5:$A$467,"Item",Tracker!$B$5:$B$467,$A12,Tracker!$S$5:$S$467,"On track") -> 0 | J12: =COUNTIFS(Tracker!$A$5:$A$467,"Item",Tracker!$B$5:$B$467,$A12,Tracker!$S$5:$S$467,"Behind") -> 0 | K12: =COUNTIFS(Tracker!$A$5:$A$467,"Item",Tracker!$B$5:$B$467,$A12,Tracker!$S$5:$S$467,"Overdue") -> 0 | L12: =COUNTIFS(Tracker!$A$5:$A$467,"Item",Tracker!$B$5:$B$467,$A12,Tracker!$S$5:$S$467,"Complete") -> 0 | M12: =_xlfn.MINIFS(Tracker!$H$5:$H$467,Tracker!$A$5:$A$467,"Item",Tracker!$B$5:$B$467,$A12) -> 45017 | N12: =_xlfn.MAXIFS(Tracker!$I$5:$I$467,Tracker!$A$5:$A$467,"Item",Tracker!$B$5:$B$467,$A12) -> 45481
A13: CWP 13 | B13: Pre-Engineered Metal Building | C13: =COUNTIFS(Tracker!$A$5:$A$467,"Item",Tracker!$B$5:$B$467,$A13) -> 7 | D13: =SUMIFS(Tracker!$O$5:$O$467,Tracker!$A$5:$A$467,"Item",Tracker!$B$5:$B$467,$A13) -> 7 | E13: =IFERROR(SUMPRODUCT((Tracker!$A$5:$A$467="Item")*(Tracker!$B$5:$B$467=$A13)*Tracker!$O$5:$O$467*Tracker!$Q$5:$Q$467)/D13,0) -> 0 | F13: =IFERROR(SUMPRODUCT((Tracker!$A$5:$A$467="Item")*(Tracker!$B$5:$B$467=$A13)*Tracker!$O$5:$O$467*Tracker!$P$5:$P$467)/D13,0) -> 0 | G13: =F13-E13 -> 0 | H13: =COUNTIFS(Tracker!$A$5:$A$467,"Item",Tracker!$B$5:$B$467,$A13,Tracker!$S$5:$S$467,"Not started") -> 7 | I13: =COUNTIFS(Tracker!$A$5:$A$467,"Item",Tracker!$B$5:$B$467,$A13,Tracker!$S$5:$S$467,"On track") -> 0 | J13: =COUNTIFS(Tracker!$A$5:$A$467,"Item",Tracker!$B$5:$B$467,$A13,Tracker!$S$5:$S$467,"Behind") -> 0 | K13: =COUNTIFS(Tracker!$A$5:$A$467,"Item",Tracker!$B$5:$B$467,$A13,Tracker!$S$5:$S$467,"Overdue") -> 0 | L13: =COUNTIFS(Tracker!$A$5:$A$467,"Item",Tracker!$B$5:$B$467,$A13,Tracker!$S$5:$S$467,"Complete") -> 0 | M13: =_xlfn.MINIFS(Tracker!$H$5:$H$467,Tracker!$A$5:$A$467,"Item",Tracker!$B$5:$B$467,$A13) -> 45017 | N13: =_xlfn.MAXIFS(Tracker!$I$5:$I$467,Tracker!$A$5:$A$467,"Item",Tracker!$B$5:$B$467,$A13) -> 45443
A14: CWP 22 | B14: Plumbing & Process Pumps | C14: =COUNTIFS(Tracker!$A$5:$A$467,"Item",Tracker!$B$5:$B$467,$A14) -> 25 | D14: =SUMIFS(Tracker!$O$5:$O$467,Tracker!$A$5:$A$467,"Item",Tracker!$B$5:$B$467,$A14) -> 25 | E14: =IFERROR(SUMPRODUCT((Tracker!$A$5:$A$467="Item")*(Tracker!$B$5:$B$467=$A14)*Tracker!$O$5:$O$467*Tracker!$Q$5:$Q$467)/D14,0) -> 0 | F14: =IFERROR(SUMPRODUCT((Tracker!$A$5:$A$467="Item")*(Tracker!$B$5:$B$467=$A14)*Tracker!$O$5:$O$467*Tracker!$P$5:$P$467)/D14,0) -> 0 | G14: =F14-E14 -> 0 | H14: =COUNTIFS(Tracker!$A$5:$A$467,"Item",Tracker!$B$5:$B$467,$A14,Tracker!$S$5:$S$467,"Not started") -> 25 | I14: =COUNTIFS(Tracker!$A$5:$A$467,"Item",Tracker!$B$5:$B$467,$A14,Tracker!$S$5:$S$467,"On track") -> 0 | J14: =COUNTIFS(Tracker!$A$5:$A$467,"Item",Tracker!$B$5:$B$467,$A14,Tracker!$S$5:$S$467,"Behind") -> 0 | K14: =COUNTIFS(Tracker!$A$5:$A$467,"Item",Tracker!$B$5:$B$467,$A14,Tracker!$S$5:$S$467,"Overdue") -> 0 | L14: =COUNTIFS(Tracker!$A$5:$A$467,"Item",Tracker!$B$5:$B$467,$A14,Tracker!$S$5:$S$467,"Complete") -> 0 | M14: =_xlfn.MINIFS(Tracker!$H$5:$H$467,Tracker!$A$5:$A$467,"Item",Tracker!$B$5:$B$467,$A14) -> 45017 | N14: =_xlfn.MAXIFS(Tracker!$I$5:$I$467,Tracker!$A$5:$A$467,"Item",Tracker!$B$5:$B$467,$A14) -> 45331
A15: CWP 23 | B15: HVAC & Ventilation | C15: =COUNTIFS(Tracker!$A$5:$A$467,"Item",Tracker!$B$5:$B$467,$A15) -> 15 | D15: =SUMIFS(Tracker!$O$5:$O$467,Tracker!$A$5:$A$467,"Item",Tracker!$B$5:$B$467,$A15) -> 15 | E15: =IFERROR(SUMPRODUCT((Tracker!$A$5:$A$467="Item")*(Tracker!$B$5:$B$467=$A15)*Tracker!$O$5:$O$467*Tracker!$Q$5:$Q$467)/D15,0) -> 0 | F15: =IFERROR(SUMPRODUCT((Tracker!$A$5:$A$467="Item")*(Tracker!$B$5:$B$467=$A15)*Tracker!$O$5:$O$467*Tracker!$P$5:$P$467)/D15,0) -> 0 | G15: =F15-E15 -> 0 | H15: =COUNTIFS(Tracker!$A$5:$A$467,"Item",Tracker!$B$5:$B$467,$A15,Tracker!$S$5:$S$467,"Not started") -> 15 | I15: =COUNTIFS(Tracker!$A$5:$A$467,"Item",Tracker!$B$5:$B$467,$A15,Tracker!$S$5:$S$467,"On track") -> 0 | J15: =COUNTIFS(Tracker!$A$5:$A$467,"Item",Tracker!$B$5:$B$467,$A15,Tracker!$S$5:$S$467,"Behind") -> 0 | K15: =COUNTIFS(Tracker!$A$5:$A$467,"Item",Tracker!$B$5:$B$467,$A15,Tracker!$S$5:$S$467,"Overdue") -> 0 | L15: =COUNTIFS(Tracker!$A$5:$A$467,"Item",Tracker!$B$5:$B$467,$A15,Tracker!$S$5:$S$467,"Complete") -> 0 | M15: =_xlfn.MINIFS(Tracker!$H$5:$H$467,Tracker!$A$5:$A$467,"Item",Tracker!$B$5:$B$467,$A15) -> 45017 | N15: =_xlfn.MAXIFS(Tracker!$I$5:$I$467,Tracker!$A$5:$A$467,"Item",Tracker!$B$5:$B$467,$A15) -> 45331
A16: CWP 26 | B16: Electrical, Instrumentation & Controls | C16: =COUNTIFS(Tracker!$A$5:$A$467,"Item",Tracker!$B$5:$B$467,$A16) -> 103 | D16: =SUMIFS(Tracker!$O$5:$O$467,Tracker!$A$5:$A$467,"Item",Tracker!$B$5:$B$467,$A16) -> 103 | E16: =IFERROR(SUMPRODUCT((Tracker!$A$5:$A$467="Item")*(Tracker!$B$5:$B$467=$A16)*Tracker!$O$5:$O$467*Tracker!$Q$5:$Q$467)/D16,0) -> 0 | F16: =IFERROR(SUMPRODUCT((Tracker!$A$5:$A$467="Item")*(Tracker!$B$5:$B$467=$A16)*Tracker!$O$5:$O$467*Tracker!$P$5:$P$467)/D16,0) -> 0 | G16: =F16-E16 -> 0 | H16: =COUNTIFS(Tracker!$A$5:$A$467,"Item",Tracker!$B$5:$B$467,$A16,Tracker!$S$5:$S$467,"Not started") -> 101 | I16: =COUNTIFS(Tracker!$A$5:$A$467,"Item",Tracker!$B$5:$B$467,$A16,Tracker!$S$5:$S$467,"On track") -> 2 | J16: =COUNTIFS(Tracker!$A$5:$A$467,"Item",Tracker!$B$5:$B$467,$A16,Tracker!$S$5:$S$467,"Behind") -> 0 | K16: =COUNTIFS(Tracker!$A$5:$A$467,"Item",Tracker!$B$5:$B$467,$A16,Tracker!$S$5:$S$467,"Overdue") -> 0 | L16: =COUNTIFS(Tracker!$A$5:$A$467,"Item",Tracker!$B$5:$B$467,$A16,Tracker!$S$5:$S$467,"Complete") -> 0 | M16: =_xlfn.MINIFS(Tracker!$H$5:$H$467,Tracker!$A$5:$A$467,"Item",Tracker!$B$5:$B$467,$A16) -> 45000 | N16: =_xlfn.MAXIFS(Tracker!$I$5:$I$467,Tracker!$A$5:$A$467,"Item",Tracker!$B$5:$B$467,$A16) -> 45581
A17: CWP 31 | B17: Earthwork, Dewatering & Erosion Control | C17: =COUNTIFS(Tracker!$A$5:$A$467,"Item",Tracker!$B$5:$B$467,$A17) -> 19 | D17: =SUMIFS(Tracker!$O$5:$O$467,Tracker!$A$5:$A$467,"Item",Tracker!$B$5:$B$467,$A17) -> 19 | E17: =IFERROR(SUMPRODUCT((Tracker!$A$5:$A$467="Item")*(Tracker!$B$5:$B$467=$A17)*Tracker!$O$5:$O$467*Tracker!$Q$5:$Q$467)/D17,0) -> 0 | F17: =IFERROR(SUMPRODUCT((Tracker!$A$5:$A$467="Item")*(Tracker!$B$5:$B$467=$A17)*Tracker!$O$5:$O$467*Tracker!$P$5:$P$467)/D17,0) -> 0 | G17: =F17-E17 -> 0 | H17: =COUNTIFS(Tracker!$A$5:$A$467,"Item",Tracker!$B$5:$B$467,$A17,Tracker!$S$5:$S$467,"Not started") -> 5 | I17: =COUNTIFS(Tracker!$A$5:$A$467,"Item",Tracker!$B$5:$B$467,$A17,Tracker!$S$5:$S$467,"On track") -> 14 | J17: =COUNTIFS(Tracker!$A$5:$A$467,"Item",Tracker!$B$5:$B$467,$A17,Tracker!$S$5:$S$467,"Behind") -> 0 | K17: =COUNTIFS(Tracker!$A$5:$A$467,"Item",Tracker!$B$5:$B$467,$A17,Tracker!$S$5:$S$467,"Overdue") -> 0 | L17: =COUNTIFS(Tracker!$A$5:$A$467,"Item",Tracker!$B$5:$B$467,$A17,Tracker!$S$5:$S$467,"Complete") -> 0 | M17: =_xlfn.MINIFS(Tracker!$H$5:$H$467,Tracker!$A$5:$A$467,"Item",Tracker!$B$5:$B$467,$A17) -> 45000 | N17: =_xlfn.MAXIFS(Tracker!$I$5:$I$467,Tracker!$A$5:$A$467,"Item",Tracker!$B$5:$B$467,$A17) -> 45581
... A24: CWP 46 | B24: Treatment Equipment | C24: =COUNTIFS(Tracker!$A$5:$A$467,"Item",Tracker!$B$5:$B$467,$A24) -> 60 | D24: =SUMIFS(Tracker!$O$5:$O$467,Tracker!$A$5:$A$467,"Item",Tracker!$B$5:$B$467,$A24) -> 60 | E24: =IFERROR(SUMPRODUCT((Tracker!$A$5:$A$467="Item")*(Tracker!$B$5:$B$467=$A24)*Tracker!$O$5:$O$467*Tracker!$Q$5:$Q$467)/D24,0) -> 0 | F24: =IFERROR(SUMPRODUCT((Tracker!$A$5:$A$467="Item")*(Tracker!$B$5:$B$467=$A24)*Tracker!$O$5:$O$467*Tracker!$P$5:$P$467)/D24,0) -> 0 | G24: =F24-E24 -> 0 | H24: =COUNTIFS(Tracker!$A$5:$A$467,"Item",Tracker!$B$5:$B$467,$A24,Tracker!$S$5:$S$467,"Not started") -> 60 | I24: =COUNTIFS(Tracker!$A$5:$A$467,"Item",Tracker!$B$5:$B$467,$A24,Tracker!$S$5:$S$467,"On track") -> 0 | J24: =COUNTIFS(Tracker!$A$5:$A$467,"Item",Tracker!$B$5:$B$467,$A24,Tracker!$S$5:$S$467,"Behind") -> 0 | K24: =COUNTIFS(Tracker!$A$5:$A$467,"Item",Tracker!$B$5:$B$467,$A24,Tracker!$S$5:$S$467,"Overdue") -> 0 | L24: =COUNTIFS(Tracker!$A$5:$A$467,"Item",Tracker!$B$5:$B$467,$A24,Tracker!$S$5:$S$467,"Complete") -> 0 | M24: =_xlfn.MINIFS(Tracker!$H$5:$H$467,Tracker!$A$5:$A$467,"Item",Tracker!$B$5:$B$467,$A24) -> 45017 | N24: =_xlfn.MAXIFS(Tracker!$I$5:$I$467,Tracker!$A$5:$A$467,"Item",Tracker!$B$5:$B$467,$A24) -> 45481
A25: Total | C25: =SUM(C6:C24) -> 444 | D25: =SUM(D6:D24) -> 444 | E25: =IFERROR(SUMPRODUCT(D6:D24,E6:E24)/D25,0) -> 0 | F25: =IFERROR(SUMPRODUCT(D6:D24,F6:F24)/D25,0) -> 0 | G25: =F25-E25 -> 0 | H25: =SUM(H6:H24) -> 419 | I25: =SUM(I6:I24) -> 25 | J25: =SUM(J6:J24) -> 0 | K25: =SUM(K6:K24) -> 0 | L25: =SUM(L6:L24) -> 0 | M25: =MIN(M6:M24) -> 45000 | N25: =MAX(N6:N24) -> 45581

Sheet Tracker
A1: Eastsound WWTP Upgrade Phase I — Installation Tracker by CWP (proof of concept)
A2: Blue cells are inputs (dates or N/A). Planned dates come from the Schedule tab; progress uses the Rules of Credit tab; status date is on Tracker Summary. Rows sharing an item with another row are listed in 'Also tracked as' — update one of them.
A4: Row | B4: CWP | C4: Tag | D4: Item | E4: Area/Building | F4: Work type | G4: Schedule activity ID | H4: Planned start | I4: Planned finish | J4: Submittal approved | K4: On site / ready | L4: Installed / removed | M4: Tested / inspected | N4: Turned over / closed | O4: Weight | P4: Earned % | Q4: Planned % | R4: Variance | S4: Flag | T4: Remarks | U4: Schedule activity | V4: Submittal approve-by | W4: Submittal req | X4: Testing req | Y4: Submittal lines | Z4: ITP lines | AA4: Also tracked as (same item) | AB4: Open exceptions | AC4: Ledger tag level | AD4: Bid item | AE4: Drawing sheets | AF4: Spec sections | AG4: Wiki note(s) | AH4: Lane
A5: Section | B5: CWP 01 | C5: General Requirements & Temporary Works | D5: =COUNTIF(A6:A17,"Item")&" items · "&COUNTIF(S6:S17,"Overdue")&" overdue · "&COUNTIF(S6:S17,"Complete")&" complete" -> 12 items · 0 overdue · 0 complete | H5: =MIN(H6:H17) -> 45000 | I5: =MAX(I6:I17) -> 45581 | O5: =SUM(O6:O17) -> 12 | P5: =IFERROR(SUMPRODUCT(O6:O17,P6:P17)/SUM(O6:O17),0) -> 0 | Q5: =IFERROR(SUMPRODUCT(O6:O17,Q6:Q17)/SUM(O6:O17),0) -> 0 | R5: =P5-Q5 -> 0
A6: Item | B6: CWP 01 | C6: PROPOSED-Off-site staging area | D6: Contractor staging area off Mt Baker Road, with vehicle path to the project site | E6: Site (off-site staging) | F6: Temporary | G6: 01-C02 | H6: =IFERROR(INDEX(Schedule!$E$2:$E$147,MATCH($G6,Schedule!$A$2:$A$147,0)),"") -> 45000 | I6: =IFERROR(INDEX(Schedule!$F$2:$F$147,MATCH($G6,Schedule!$A$2:$A$147,0)),"") -> 45581 | O6: 1 | P6: =IFERROR((IF(OR(ISNUMBER(J6),UPPER(TRIM(J6))="N/A"),1,0)*IF($W6="N",0,INDEX('Rules of Credit'!$B$5:$F$8,MATCH($F6,'Rules of Credit'!$A$5:$A$8,0),1))+IF(OR(ISNUMBER(K6),UPPER(TRIM(K6))="N/A"),1,0)*INDEX('Rules of Credit'!$B$5:$F$8,MATCH($F6,'Rules of Credit'!$A$5:$A$8,0),2)+IF(OR(ISNUMBER(L6),UPPER(TRIM(L6))="N/A"),1,0)*INDEX('Rules of Credit'!$B$5:$F$8,MATCH($F6,'Rules of Credit'!$A$5:$A$8,0),3)+IF(OR(ISNUMBER(M6),UPPER(TRIM(M6))="N/A"),1,0)*IF($X6="N",0,INDEX('Rules of Credit'!$B$5:$F$8,MATCH($F6,'Rules of Credit'!$A$5:$A$8,0),4))+IF(OR(ISNUMBER(N6),UPPER(TRIM(N6))="N/A"),1,0)*INDEX('Rules of Credit'!$B$5:$F$8,MATCH($F6,'Rules of Credit'!$A$5:$A$8,0),5))/(IF($W6="N",0,INDEX('Rules of Credit'!$B$5:$F$8,MATCH($F6,'Rules of Credit'!$A$5:$A$8,0),1))+INDEX('Rules of Credit'!$B$5:$F$8,MATCH($F6,'Rules of Credit'!$A$5:$A$8,0),2)+INDEX('Rules of Credit'!$B$5:$F$8,MATCH($F6,'Rules of Credit'!$A$5:$A$8,0),3)+IF($X6="N",0,INDEX('Rules of Credit'!$B$5:$F$8,MATCH($F6,'Rules of Credit'!$A$5:$A$8,0),4))+INDEX('Rules of Credit'!$B$5:$F$8,MATCH($F6,'Rules of Credit'!$A$5:$A$8,0),5)),0) -> 0 | Q6: =IF(OR($H6="",$I6=""),0,IF('Tracker Summary'!$C$3<$H6,0,IF('Tracker Summary'!$C$3>=$I6,1,('Tracker Summary'!$C$3-$H6)/($I6-$H6+1)))) -> 0 | R6: =P6-Q6 -> 0 | S6: =IF($I6="","Not scheduled",IF(P6>=1,"Complete",IF('Tracker Summary'!$C$3>$I6,"Overdue",IF(P6-Q6<-0.1,"Behind",IF(AND(P6=0,'Tracker Summary'!$C$3<$H6),"Not started","On track"))))) -> On track | U6: =IFERROR(INDEX(Schedule!$D$2:$D$147,MATCH($G6,Schedule!$A$2:$A$147,0)),"") -> General Requirements & Temporary Works — Temporary facilities and controls | V6: =IFERROR(INDEX(Schedule!$F$2:$F$147,MATCH("01-P01",Schedule!$A$2:$A$147,0)),"") -> 44999 | W6: N | X6: N | Y6: 0 | Z6: 0 | AC6: Inferred | AD6: 1 | AE6: C0.6 | AG6: C0.6 | AH6: Civil & Site
A7: Item | B7: CWP 01 | C7: PROPOSED-Temporary construction sign | D7: Temporary construction sign, 4 x 8 ft plywood, Ecology and CDBG Commerce requirements | E7: Site | F7: Temporary | G7: 01-C02 | H7: =IFERROR(INDEX(Schedule!$E$2:$E$147,MATCH($G7,Schedule!$A$2:$A$147,0)),"") -> 45000 | I7: =IFERROR(INDEX(Schedule!$F$2:$F$147,MATCH($G7,Schedule!$A$2:$A$147,0)),"") -> 45581 | O7: 1 | P7: =IFERROR((IF(OR(ISNUMBER(J7),UPPER(TRIM(J7))="N/A"),1,0)*IF($W7="N",0,INDEX('Rules of Credit'!$B$5:$F$8,MATCH($F7,'Rules of Credit'!$A$5:$A$8,0),1))+IF(OR(ISNUMBER(K7),UPPER(TRIM(K7))="N/A"),1,0)*INDEX('Rules of Credit'!$B$5:$F$8,MATCH($F7,'Rules of Credit'!$A$5:$A$8,0),2)+IF(OR(ISNUMBER(L7),UPPER(TRIM(L7))="N/A"),1,0)*INDEX('Rules of Credit'!$B$5:$F$8,MATCH($F7,'Rules of Credit'!$A$5:$A$8,0),3)+IF(OR(ISNUMBER(M7),UPPER(TRIM(M7))="N/A"),1,0)*IF($X7="N",0,INDEX('Rules of Credit'!$B$5:$F$8,MATCH($F7,'Rules of Credit'!$A$5:$A$8,0),4))+IF(OR(ISNUMBER(N7),UPPER(TRIM(N7))="N/A"),1,0)*INDEX('Rules of Credit'!$B$5:$F$8,MATCH($F7,'Rules of Credit'!$A$5:$A$8,0),5))/(IF($W7="N",0,INDEX('Rules of Credit'!$B$5:$F$8,MATCH($F7,'Rules of Credit'!$A$5:$A$8,0),1))+INDEX('Rules of Credit'!$B$5:$F$8,MATCH($F7,'Rules of Credit'!$A$5:$A$8,0),2)+INDEX('Rules of Credit'!$B$5:$F$8,MATCH($F7,'Rules of Credit'!$A$5:$A$8,0),3)+IF($X7="N",0,INDEX('Rules of Credit'!$B$5:$F$8,MATCH($F7,'Rules of Credit'!$A$5:$A$8,0),4))+INDEX('Rules of Credit'!$B$5:$F$8,MATCH($F7,'Rules of Credit'!$A$5:$A$8,0),5)),0) -> 0 | Q7: =IF(OR($H7="",$I7=""),0,IF('Tracker Summary'!$C$3<$H7,0,IF('Tracker Summary'!$C$3>=$I7,1,('Tracker Summary'!$C$3-$H7)/($I7-$H7+1)))) -> 0 | R7: =P7-Q7 -> 0 | S7: =IF($I7="","Not scheduled",IF(P7>=1,"Complete",IF('Tracker Summary'!$C$3>$I7,"Overdue",IF(P7-Q7<-0.1,"Behind",IF(AND(P7=0,'Tracker Summary'!$C$3<$H7),"Not started","On track"))))) -> On track | U7: =IFERROR(INDEX(Schedule!$D$2:$D$147,MATCH($G7,Schedule!$A$2:$A$147,0)),"") -> General Requirements & Temporary Works — Temporary facilities and controls | V7: =IFERROR(INDEX(Schedule!$F$2:$F$147,MATCH("01-P01",Schedule!$A$2:$A$147,0)),"") -> 44999 | W7: Y | X7: N | Y7: 1 | Z7: 0 | AA7: PROPOSED-Funding-Recognition-Sign (Contract & General) | AB7: #72 | AC7: Inferred | AD7: 1 | AE7: — | AF7: 15 08 13 | AG7: 15 08 13 | AH7: Civil & Site
A8: Item | B8: CWP 01 | C8: PROPOSED-Funding-Recognition-Sign | D8: Funding recognition sign (Ecology financial assistance) | E8: Site | F8: Temporary | G8: 01-C02 | H8: =IFERROR(INDEX(Schedule!$E$2:$E$147,MATCH($G8,Schedule!$A$2:$A$147,0)),"") -> 45000 | I8: =IFERROR(INDEX(Schedule!$F$2:$F$147,MATCH($G8,Schedule!$A$2:$A$147,0)),"") -> 45581 | O8: 1 | P8: =IFERROR((IF(OR(ISNUMBER(J8),UPPER(TRIM(J8))="N/A"),1,0)*IF($W8="N",0,INDEX('Rules of Credit'!$B$5:$F$8,MATCH($F8,'Rules of Credit'!$A$5:$A$8,0),1))+IF(OR(ISNUMBER(K8),UPPER(TRIM(K8))="N/A"),1,0)*INDEX('Rules of Credit'!$B$5:$F$8,MATCH($F8,'Rules of Credit'!$A$5:$A$8,0),2)+IF(OR(ISNUMBER(L8),UPPER(TRIM(L8))="N/A"),1,0)*INDEX('Rules of Credit'!$B$5:$F$8,MATCH($F8,'Rules of Credit'!$A$5:$A$8,0),3)+IF(OR(ISNUMBER(M8),UPPER(TRIM(M8))="N/A"),1,0)*IF($X8="N",0,INDEX('Rules of Credit'!$B$5:$F$8,MATCH($F8,'Rules of Credit'!$A$5:$A$8,0),4))+IF(OR(ISNUMBER(N8),UPPER(TRIM(N8))="N/A"),1,0)*INDEX('Rules of Credit'!$B$5:$F$8,MATCH($F8,'Rules of Credit'!$A$5:$A$8,0),5))/(IF($W8="N",0,INDEX('Rules of Credit'!$B$5:$F$8,MATCH($F8,'Rules of Credit'!$A$5:$A$8,0),1))+INDEX('Rules of Credit'!$B$5:$F$8,MATCH($F8,'Rules of Credit'!$A$5:$A$8,0),2)+INDEX('Rules of Credit'!$B$5:$F$8,MATCH($F8,'Rules of Credit'!$A$5:$A$8,0),3)+IF($X8="N",0,INDEX('Rules of Credit'!$B$5:$F$8,MATCH($F8,'Rules of Credit'!$A$5:$A$8,0),4))+INDEX('Rules of Credit'!$B$5:$F$8,MATCH($F8,'Rules of Credit'!$A$5:$A$8,0),5)),0) -> 0 | Q8: =IF(OR($H8="",$I8=""),0,IF('Tracker Summary'!$C$3<$H8,0,IF('Tracker Summary'!$C$3>=$I8,1,('Tracker Summary'!$C$3-$H8)/($I8-$H8+1)))) -> 0 | R8: =P8-Q8 -> 0 | S8: =IF($I8="","Not scheduled",IF(P8>=1,"Complete",IF('Tracker Summary'!$C$3>$I8,"Overdue",IF(P8-Q8<-0.1,"Behind",IF(AND(P8=0,'Tracker Summary'!$C$3<$H8),"Not started","On track"))))) -> On track | U8: =IFERROR(INDEX(Schedule!$D$2:$D$147,MATCH($G8,Schedule!$A$2:$A$147,0)),"") -> General Requirements & Temporary Works — Temporary facilities and controls | V8: =IFERROR(INDEX(Schedule!$F$2:$F$147,MATCH("01-P01",Schedule!$A$2:$A$147,0)),"") -> 44999 | W8: N | X8: N | Y8: 0 | Z8: 0 | AA8: PROPOSED-Temporary construction sign (Civil & Site) | AB8: #72, #250 | AC8: Inferred | AD8: 1 | AF8: 00 53 00 | AG8: 00 53 00 | AH8: Contract & General
A9: Item | B9: CWP 01 | C9: PROPOSED-Temporary-Barriers | D9: Temporary barriers at openings and hazards (fencing, railing, barricades, steel plates, with warning signs or lights) | E9: Site | F9: Temporary | G9: 01-C02 | H9: =IFERROR(INDEX(Schedule!$E$2:$E$147,MATCH($G9,Schedule!$A$2:$A$147,0)),"") -> 45000 | I9: =IFERROR(INDEX(Schedule!$F$2:$F$147,MATCH($G9,Schedule!$A$2:$A$147,0)),"") -> 45581 | O9: 1 | P9: =IFERROR((IF(OR(ISNUMBER(J9),UPPER(TRIM(J9))="N/A"),1,0)*IF($W9="N",0,INDEX('Rules of Credit'!$B$5:$F$8,MATCH($F9,'Rules of Credit'!$A$5:$A$8,0),1))+IF(OR(ISNUMBER(K9),UPPER(TRIM(K9))="N/A"),1,0)*INDEX('Rules of Credit'!$B$5:$F$8,MATCH($F9,'Rules of Credit'!$A$5:$A$8,0),2)+IF(OR(ISNUMBER(L9),UPPER(TRIM(L9))="N/A"),1,0)*INDEX('Rules of Credit'!$B$5:$F$8,MATCH($F9,'Rules of Credit'!$A$5:$A$8,0),3)+IF(OR(ISNUMBER(M9),UPPER(TRIM(M9))="N/A"),1,0)*IF($X9="N",0,INDEX('Rules of Credit'!$B$5:$F$8,MATCH($F9,'Rules of Credit'!$A$5:$A$8,0),4))+IF(OR(ISNUMBER(N9),UPPER(TRIM(N9))="N/A"),1,0)*INDEX('Rules of Credit'!$B$5:$F$8,MATCH($F9,'Rules of Credit'!$A$5:$A$8,0),5))/(IF($W9="N",0,INDEX('Rules of Credit'!$B$5:$F$8,MATCH($F9,'Rules of Credit'!$A$5:$A$8,0),1))+INDEX('Rules of Credit'!$B$5:$F$8,MATCH($F9,'Rules of Credit'!$A$5:$A$8,0),2)+INDEX('Rules of Credit'!$B$5:$F$8,MATCH($F9,'Rules of Credit'!$A$5:$A$8,0),3)+IF($X9="N",0,INDEX('Rules of Credit'!$B$5:$F$8,MATCH($F9,'Rules of Credit'!$A$5:$A$8,0),4))+INDEX('Rules of Credit'!$B$5:$F$8,MATCH($F9,'Rules of Credit'!$A$5:$A$8,0),5)),0) -> 0 | Q9: =IF(OR($H9="",$I9=""),0,IF('Tracker Summary'!$C$3<$H9,0,IF('Tracker Summary'!$C$3>=$I9,1,('Tracker Summary'!$C$3-$H9)/($I9-$H9+1)))) -> 0 | R9: =P9-Q9 -> 0 | S9: =IF($I9="","Not scheduled",IF(P9>=1,"Complete",IF('Tracker Summary'!$C$3>$I9,"Overdue",IF(P9-Q9<-0.1,"Behind",IF(AND(P9=0,'Tracker Summary'!$C$3<$H9),"Not started","On track"))))) -> On track | U9: =IFERROR(INDEX(Schedule!$D$2:$D$147,MATCH($G9,Schedule!$A$2:$A$147,0)),"") -> General Requirements & Temporary Works — Temporary facilities and controls | V9: =IFERROR(INDEX(Schedule!$F$2:$F$147,MATCH("01-P01",Schedule!$A$2:$A$147,0)),"") -> 44999 | W9: N | X9: N | Y9: 0 | Z9: 0 | AC9: Inferred | AD9: 1 | AF9: 00 73 00; 01 50 00 | AG9: 00 73 00; 01 50 00 | AH9: Contract & General
A10: Item | B10: CWP 01 | C10: PROPOSED-Temporary-Pump-and-Process-Equipment | D10: Temporary pump and process equipment (removed at Final Completion) | E10: Not stated | F10: Temporary | G10: 01-C02 | H10: =IFERROR(INDEX(Schedule!$E$2:$E$147,MATCH($G10,Schedule!$A$2:$A$147,0)),"") -> 45000 | I10: =IFERROR(INDEX(Schedule!$F$2:$F$147,MATCH($G10,Schedule!$A$2:$A$147,0)),"") -> 45581 | O10: 1 | P10: =IFERROR((IF(OR(ISNUMBER(J10),UPPER(TRIM(J10))="N/A"),1,0)*IF($W10="N",0,INDEX('Rules of Credit'!$B$5:$F$8,MATCH($F10,'Rules of Credit'!$A$5:$A$8,0),1))+IF(OR(ISNUMBER(K10),UPPER(TRIM(K10))="N/A"),1,0)*INDEX('Rules of Credit'!$B$5:$F$8,MATCH($F10,'Rules of Credit'!$A$5:$A$8,0),2)+IF(OR(ISNUMBER(L10),UPPER(TRIM(L10))="N/A"),1,0)*INDEX('Rules of Credit'!$B$5:$F$8,MATCH($F10,'Rules of Credit'!$A$5:$A$8,0),3)+IF(OR(ISNUMBER(M10),UPPER(TRIM(M10))="N/A"),1,0)*IF($X10="N",0,INDEX('Rules of Credit'!$B$5:$F$8,MATCH($F10,'Rules of Credit'!$A$5:$A$8,0),4))+IF(OR(ISNUMBER(N10),UPPER(TRIM(N10))="N/A"),1,0)*INDEX('Rules of Credit'!$B$5:$F$8,MATCH($F10,'Rules of Credit'!$A$5:$A$8,0),5))/(IF($W10="N",0,INDEX('Rules of Credit'!$B$5:$F$8,MATCH($F10,'Rules of Credit'!$A$5:$A$8,0),1))+INDEX('Rules of Credit'!$B$5:$F$8,MATCH($F10,'Rules of Credit'!$A$5:$A$8,0),2)+INDEX('Rules of Credit'!$B$5:$F$8,MATCH($F10,'Rules of Credit'!$A$5:$A$8,0),3)+IF($X10="N",0,INDEX('Rules of Credit'!$B$5:$F$8,MATCH($F10,'Rules of Credit'!$A$5:$A$8,0),4))+INDEX('Rules of Credit'!$B$5:$F$8,MATCH($F10,'Rules of Credit'!$A$5:$A$8,0),5)),0) -> 0 | Q10: =IF(OR($H10="",$I10=""),0,IF('Tracker Summary'!$C$3<$H10,0,IF('Tracker Summary'!$C$3>=$I10,1,('Tracker Summary'!$C$3-$H10)/($I10-$H10+1)))) -> 0 | R10: =P10-Q10 -> 0 | S10: =IF($I10="","Not scheduled",IF(P10>=1,"Complete",IF('Tracker Summary'!$C$3>$I10,"Overdue",IF(P10-Q10<-0.1,"Behind",IF(AND(P10=0,'Tracker Summary'!$C$3<$H10),"Not started","On track"))))) -> On track | U10: =IFERROR(INDEX(Schedule!$D$2:$D$147,MATCH($G10,Schedule!$A$2:$A$147,0)),"") -> General Requirements & Temporary Works — Temporary facilities and controls | V10: =IFERROR(INDEX(Schedule!$F$2:$F$147,MATCH("01-P01",Schedule!$A$2:$A$147,0)),"") -> 44999 | W10: N | X10: N | Y10: 0 | Z10: 0 | AB10: #251 | AC10: Inferred | AD10: 1 | AF10: 00 73 00; 01 50 00; 01 70 00 | AG10: 00 73 00; 01 50 00; 01 70 00 | AH10: Contract & General
A11: Item | B11: CWP 01 | C11: PROPOSED-Contractor-Field-Office | D11: Contractor's field office (optional) | E11: Site | F11: Temporary | G11: 01-C02 | H11: =IFERROR(INDEX(Schedule!$E$2:$E$147,MATCH($G11,Schedule!$A$2:$A$147,0)),"") -> 45000 | I11: =IFERROR(INDEX(Schedule!$F$2:$F$147,MATCH($G11,Schedule!$A$2:$A$147,0)),"") -> 45581 | O11: 1 | P11: =IFERROR((IF(OR(ISNUMBER(J11),UPPER(TRIM(J11))="N/A"),1,0)*IF($W11="N",0,INDEX('Rules of Credit'!$B$5:$F$8,MATCH($F11,'Rules of Credit'!$A$5:$A$8,0),1))+IF(OR(ISNUMBER(K11),UPPER(TRIM(K11))="N/A"),1,0)*INDEX('Rules of Credit'!$B$5:$F$8,MATCH($F11,'Rules of Credit'!$A$5:$A$8,0),2)+IF(OR(ISNUMBER(L11),UPPER(TRIM(L11))="N/A"),1,0)*INDEX('Rules of Credit'!$B$5:$F$8,MATCH($F11,'Rules of Credit'!$A$5:$A$8,0),3)+IF(OR(ISNUMBER(M11),UPPER(TRIM(M11))="N/A"),1,0)*IF($X11="N",0,INDEX('Rules of Credit'!$B$5:$F$8,MATCH($F11,'Rules of Credit'!$A$5:$A$8,0),4))+IF(OR(ISNUMBER(N11),UPPER(TRIM(N11))="N/A"),1,0)*INDEX('Rules of Credit'!$B$5:$F$8,MATCH($F11,'Rules of Credit'!$A$5:$A$8,0),5))/(IF($W11="N",0,INDEX('Rules of Credit'!$B$5:$F$8,MATCH($F11,'Rules of Credit'!$A$5:$A$8,0),1))+INDEX('Rules of Credit'!$B$5:$F$8,MATCH($F11,'Rules of Credit'!$A$5:$A$8,0),2)+INDEX('Rules of Credit'!$B$5:$F$8,MATCH($F11,'Rules of Credit'!$A$5:$A$8,0),3)+IF($X11="N",0,INDEX('Rules of Credit'!$B$5:$F$8,MATCH($F11,'Rules of Credit'!$A$5:$A$8,0),4))+INDEX('Rules of Credit'!$B$5:$F$8,MATCH($F11,'Rules of Credit'!$A$5:$A$8,0),5)),0) -> 0 | Q11: =IF(OR($H11="",$I11=""),0,IF('Tracker Summary'!$C$3<$H11,0,IF('Tracker Summary'!$C$3>=$I11,1,('Tracker Summary'!$C$3-$H11)/($I11-$H11+1)))) -> 0 | R11: =P11-Q11 -> 0 | S11: =IF($I11="","Not scheduled",IF(P11>=1,"Complete",IF('Tracker Summary'!$C$3>$I11,"Overdue",IF(P11-Q11<-0.1,"Behind",IF(AND(P11=0,'Tracker Summary'!$C$3<$H11),"Not started","On track"))))) -> On track | U11: =IFERROR(INDEX(Schedule!$D$2:$D$147,MATCH($G11,Schedule!$A$2:$A$147,0)),"") -> General Requirements & Temporary Works — Temporary facilities and controls | V11: =IFERROR(INDEX(Schedule!$F$2:$F$147,MATCH("01-P01",Schedule!$A$2:$A$147,0)),"") -> 44999 | W11: N | X11: N | Y11: 0 | Z11: 0 | AC11: Unresolved | AD11: 1 | AF11: 01 50 00; 01 31 00 | AG11: 01 50 00; 01 31 00; CQA Plan | AH11: Contract & General
A12: Item | B12: CWP 01 | C12: PROPOSED-Temporary-Construction-Water-Connection | D12: Temporary metered construction water connection with backflow preventer (if agreed) | E12: Site | F12: Temporary | G12: 01-C02 | H12: =IFERROR(INDEX(Schedule!$E$2:$E$147,MATCH($G12,Schedule!$A$2:$A$147,0)),"") -> 45000 | I12: =IFERROR(INDEX(Schedule!$F$2:$F$147,MATCH($G12,Schedule!$A$2:$A$147,0)),"") -> 45581 | O12: 1 | P12: =IFERROR((IF(OR(ISNUMBER(J12),UPPER(TRIM(J12))="N/A"),1,0)*IF($W12="N",0,INDEX('Rules of Credit'!$B$5:$F$8,MATCH($F12,'Rules of Credit'!$A$5:$A$8,0),1))+IF(OR(ISNUMBER(K12),UPPER(TRIM(K12))="N/A"),1,0)*INDEX('Rules of Credit'!$B$5:$F$8,MATCH($F12,'Rules of Credit'!$A$5:$A$8,0),2)+IF(OR(ISNUMBER(L12),UPPER(TRIM(L12))="N/A"),1,0)*INDEX('Rules of Credit'!$B$5:$F$8,MATCH($F12,'Rules of Credit'!$A$5:$A$8,0),3)+IF(OR(ISNUMBER(M12),UPPER(TRIM(M12))="N/A"),1,0)*IF($X12="N",0,INDEX('Rules of Credit'!$B$5:$F$8,MATCH($F12,'Rules of Credit'!$A$5:$A$8,0),4))+IF(OR(ISNUMBER(N12),UPPER(TRIM(N12))="N/A"),1,0)*INDEX('Rules of Credit'!$B$5:$F$8,MATCH($F12,'Rules of Credit'!$A$5:$A$8,0),5))/(IF($W12="N",0,INDEX('Rules of Credit'!$B$5:$F$8,MATCH($F12,'Rules of Credit'!$A$5:$A$8,0),1))+INDEX('Rules of Credit'!$B$5:$F$8,MATCH($F12,'Rules of Credit'!$A$5:$A$8,0),2)+INDEX('Rules of Credit'!$B$5:$F$8,MATCH($F12,'Rules of Credit'!$A$5:$A$8,0),3)+IF($X12="N",0,INDEX('Rules of Credit'!$B$5:$F$8,MATCH($F12,'Rules of Credit'!$A$5:$A$8,0),4))+INDEX('Rules of Credit'!$B$5:$F$8,MATCH($F12,'Rules of Credit'!$A$5:$A$8,0),5)),0) -> 0 | Q12: =IF(OR($H12="",$I12=""),0,IF('Tracker Summary'!$C$3<$H12,0,IF('Tracker Summary'!$C$3>=$I12,1,('Tracker Summary'!$C$3-$H12)/($I12-$H12+1)))) -> 0 | R12: =P12-Q12 -> 0 | S12: =IF($I12="","Not scheduled",IF(P12>=1,"Complete",IF('Tracker Summary'!$C$3>$I12,"Overdue",IF(P12-Q12<-0.1,"Behind",IF(AND(P12=0,'Tracker Summary'!$C$3<$H12),"Not started","On track"))))) -> On track | U12: =IFERROR(INDEX(Schedule!$D$2:$D$147,MATCH($G12,Schedule!$A$2:$A$147,0)),"") -> General Requirements & Temporary Works — Temporary facilities and controls | V12: =IFERROR(INDEX(Schedule!$F$2:$F$147,MATCH("01-P01",Schedule!$A$2:$A$147,0)),"") -> 44999 | W12: N | X12: N | Y12: 0 | Z12: 0 | AC12: Unresolved | AD12: 1 | AF12: 01 50 00 | AG12: 01 50 00 | AH12: Contract & General
A13: Item | B13: CWP 01 | C13: PROPOSED-Temporary-Sanitary-Facilities | D13: Temporary restrooms (contract service allowed) | E13: Site | F13: Temporary | G13: 01-C02 | H13: =IFERROR(INDEX(Schedule!$E$2:$E$147,MATCH($G13,Schedule!$A$2:$A$147,0)),"") -> 45000 | I13: =IFERROR(INDEX(Schedule!$F$2:$F$147,MATCH($G13,Schedule!$A$2:$A$147,0)),"") -> 45581 | O13: 1 | P13: =IFERROR((IF(OR(ISNUMBER(J13),UPPER(TRIM(J13))="N/A"),1,0)*IF($W13="N",0,INDEX('Rules of Credit'!$B$5:$F$8,MATCH($F13,'Rules of Credit'!$A$5:$A$8,0),1))+IF(OR(ISNUMBER(K13),UPPER(TRIM(K13))="N/A"),1,0)*INDEX('Rules of Credit'!$B$5:$F$8,MATCH($F13,'Rules of Credit'!$A$5:$A$8,0),2)+IF(OR(ISNUMBER(L13),UPPER(TRIM(L13))="N/A"),1,0)*INDEX('Rules of Credit'!$B$5:$F$8,MATCH($F13,'Rules of Credit'!$A$5:$A$8,0),3)+IF(OR(ISNUMBER(M13),UPPER(TRIM(M13))="N/A"),1,0)*IF($X13="N",0,INDEX('Rules of Credit'!$B$5:$F$8,MATCH($F13,'Rules of Credit'!$A$5:$A$8,0),4))+IF(OR(ISNUMBER(N13),UPPER(TRIM(N13))="N/A"),1,0)*INDEX('Rules of Credit'!$B$5:$F$8,MATCH($F13,'Rules of Credit'!$A$5:$A$8,0),5))/(IF($W13="N",0,INDEX('Rules of Credit'!$B$5:$F$8,MATCH($F13,'Rules of Credit'!$A$5:$A$8,0),1))+INDEX('Rules of Credit'!$B$5:$F$8,MATCH($F13,'Rules of Credit'!$A$5:$A$8,0),2)+INDEX('Rules of Credit'!$B$5:$F$8,MATCH($F13,'Rules of Credit'!$A$5:$A$8,0),3)+IF($X13="N",0,INDEX('Rules of Credit'!$B$5:$F$8,MATCH($F13,'Rules of Credit'!$A$5:$A$8,0),4))+INDEX('Rules of Credit'!$B$5:$F$8,MATCH($F13,'Rules of Credit'!$A$5:$A$8,0),5)),0) -> 0 | Q13: =IF(OR($H13="",$I13=""),0,IF('Tracker Summary'!$C$3<$H13,0,IF('Tracker Summary'!$C$3>=$I13,1,('Tracker Summary'!$C$3-$H13)/($I13-$H13+1)))) -> 0 | R13: =P13-Q13 -> 0 | S13: =IF($I13="","Not scheduled",IF(P13>=1,"Complete",IF('Tracker Summary'!$C$3>$I13,"Overdue",IF(P13-Q13<-0.1,"Behind",IF(AND(P13=0,'Tracker Summary'!$C$3<$H13),"Not started","On track"))))) -> On track | U13: =IFERROR(INDEX(Schedule!$D$2:$D$147,MATCH($G13,Schedule!$A$2:$A$147,0)),"") -> General Requirements & Temporary Works — Temporary facilities and controls | V13: =IFERROR(INDEX(Schedule!$F$2:$F$147,MATCH("01-P01",Schedule!$A$2:$A$147,0)),"") -> 44999 | W13: N | X13: N | Y13: 0 | Z13: 0 | AC13: Unresolved | AD13: 1 | AF13: 01 50 00 | AG13: 01 50 00 | AH13: Contract & General
A14: Item | B14: CWP 01 | C14: PROPOSED-Temporary bypass pumping system | D14: Temporary bypass pumping, piping, holding tanks and storage | E14: Site | F14: Temporary | G14: 01-C01 | H14: =IFERROR(INDEX(Schedule!$E$2:$E$147,MATCH($G14,Schedule!$A$2:$A$147,0)),"") -> 45017 | I14: =IFERROR(INDEX(Schedule!$F$2:$F$147,MATCH($G14,Schedule!$A$2:$A$147,0)),"") -> 45210 | O14: 1 | P14: =IFERROR((IF(OR(ISNUMBER(J14),UPPER(TRIM(J14))="N/A"),1,0)*IF($W14="N",0,INDEX('Rules of Credit'!$B$5:$F$8,MATCH($F14,'Rules of Credit'!$A$5:$A$8,0),1))+IF(OR(ISNUMBER(K14),UPPER(TRIM(K14))="N/A"),1,0)*INDEX('Rules of Credit'!$B$5:$F$8,MATCH($F14,'Rules of Credit'!$A$5:$A$8,0),2)+IF(OR(ISNUMBER(L14),UPPER(TRIM(L14))="N/A"),1,0)*INDEX('Rules of Credit'!$B$5:$F$8,MATCH($F14,'Rules of Credit'!$A$5:$A$8,0),3)+IF(OR(ISNUMBER(M14),UPPER(TRIM(M14))="N/A"),1,0)*IF($X14="N",0,INDEX('Rules of Credit'!$B$5:$F$8,MATCH($F14,'Rules of Credit'!$A$5:$A$8,0),4))+IF(OR(ISNUMBER(N14),UPPER(TRIM(N14))="N/A"),1,0)*INDEX('Rules of Credit'!$B$5:$F$8,MATCH($F14,'Rules of Credit'!$A$5:$A$8,0),5))/(IF($W14="N",0,INDEX('Rules of Credit'!$B$5:$F$8,MATCH($F14,'Rules of Credit'!$A$5:$A$8,0),1))+INDEX('Rules of Credit'!$B$5:$F$8,MATCH($F14,'Rules of Credit'!$A$5:$A$8,0),2)+INDEX('Rules of Credit'!$B$5:$F$8,MATCH($F14,'Rules of Credit'!$A$5:$A$8,0),3)+IF($X14="N",0,INDEX('Rules of Credit'!$B$5:$F$8,MATCH($F14,'Rules of Credit'!$A$5:$A$8,0),4))+INDEX('Rules of Credit'!$B$5:$F$8,MATCH($F14,'Rules of Credit'!$A$5:$A$8,0),5)),0) -> 0 | Q14: =IF(OR($H14="",$I14=""),0,IF('Tracker Summary'!$C$3<$H14,0,IF('Tracker Summary'!$C$3>=$I14,1,('Tracker Summary'!$C$3-$H14)/($I14-$H14+1)))) -> 0 | R14: =P14-Q14 -> 0 | S14: =IF($I14="","Not scheduled",IF(P14>=1,"Complete",IF('Tracker Summary'!$C$3>$I14,"Overdue",IF(P14-Q14<-0.1,"Behind",IF(AND(P14=0,'Tracker Summary'!$C$3<$H14),"Not started","On track"))))) -> Not started | U14: =IFERROR(INDEX(Schedule!$D$2:$D$147,MATCH($G14,Schedule!$A$2:$A$147,0)),"") -> General Requirements & Temporary Works — Temporary bypass and interim effluent piping | V14: =IFERROR(INDEX(Schedule!$F$2:$F$147,MATCH("01-P01",Schedule!$A$2:$A$147,0)),"") -> 44999 | W14: N | X14: N | Y14: 0 | Z14: 0 | AA14: PROPOSED-Temporary-Bypass-Pipe (Contract & General); PROPOSED-Temporary-Bypass-Alarm-Monitoring (Contract & General); PROPOSED-Bypass-Pumping-System (Contract & General) | AB14: #68 | AC14: Inferred | AD14: 1 | AE14: G0.3; C0.5 | AG14: G0.3; C0.5; Appendix F | AH14: Civil & Site
A15: Item | B15: CWP 01 | C15: PROPOSED-Temporary-Bypass-Pipe | D15: Temporary bypass pipe (chlorine contact tank outlet to 8-inch plant outlet) | E15: Site | F15: Temporary | G15: 01-C01 | H15: =IFERROR(INDEX(Schedule!$E$2:$E$147,MATCH($G15,Schedule!$A$2:$A$147,0)),"") -> 45017 | I15: =IFERROR(INDEX(Schedule!$F$2:$F$147,MATCH($G15,Schedule!$A$2:$A$147,0)),"") -> 45210 | O15: 1 | P15: =IFERROR((IF(OR(ISNUMBER(J15),UPPER(TRIM(J15))="N/A"),1,0)*IF($W15="N",0,INDEX('Rules of Credit'!$B$5:$F$8,MATCH($F15,'Rules of Credit'!$A$5:$A$8,0),1))+IF(OR(ISNUMBER(K15),UPPER(TRIM(K15))="N/A"),1,0)*INDEX('Rules of Credit'!$B$5:$F$8,MATCH($F15,'Rules of Credit'!$A$5:$A$8,0),2)+IF(OR(ISNUMBER(L15),UPPER(TRIM(L15))="N/A"),1,0)*INDEX('Rules of Credit'!$B$5:$F$8,MATCH($F15,'Rules of Credit'!$A$5:$A$8,0),3)+IF(OR(ISNUMBER(M15),UPPER(TRIM(M15))="N/A"),1,0)*IF($X15="N",0,INDEX('Rules of Credit'!$B$5:$F$8,MATCH($F15,'Rules of Credit'!$A$5:$A$8,0),4))+IF(OR(ISNUMBER(N15),UPPER(TRIM(N15))="N/A"),1,0)*INDEX('Rules of Credit'!$B$5:$F$8,MATCH($F15,'Rules of Credit'!$A$5:$A$8,0),5))/(IF($W15="N",0,INDEX('Rules of Credit'!$B$5:$F$8,MATCH($F15,'Rules of Credit'!$A$5:$A$8,0),1))+INDEX('Rules of Credit'!$B$5:$F$8,MATCH($F15,'Rules of Credit'!$A$5:$A$8,0),2)+INDEX('Rules of Credit'!$B$5:$F$8,MATCH($F15,'Rules of Credit'!$A$5:$A$8,0),3)+IF($X15="N",0,INDEX('Rules of Credit'!$B$5:$F$8,MATCH($F15,'Rules of Credit'!$A$5:$A$8,0),4))+INDEX('Rules of Credit'!$B$5:$F$8,MATCH($F15,'Rules of Credit'!$A$5:$A$8,0),5)),0) -> 0 | Q15: =IF(OR($H15="",$I15=""),0,IF('Tracker Summary'!$C$3<$H15,0,IF('Tracker Summary'!$C$3>=$I15,1,('Tracker Summary'!$C$3-$H15)/($I15-$H15+1)))) -> 0 | R15: =P15-Q15 -> 0 | S15: =IF($I15="","Not scheduled",IF(P15>=1,"Complete",IF('Tracker Summary'!$C$3>$I15,"Overdue",IF(P15-Q15<-0.1,"Behind",IF(AND(P15=0,'Tracker Summary'!$C$3<$H15),"Not started","On track"))))) -> Not started | U15: =IFERROR(INDEX(Schedule!$D$2:$D$147,MATCH($G15,Schedule!$A$2:$A$147,0)),"") -> General Requirements & Temporary Works — Temporary bypass and interim effluent piping | V15: =IFERROR(INDEX(Schedule!$F$2:$F$147,MATCH("01-P01",Schedule!$A$2:$A$147,0)),"") -> 44999 | W15: N | X15: N | Y15: 0 | Z15: 0 | AA15: PROPOSED-Temporary bypass pumping system (Civil & Site) | AB15: #68, #250 | AC15: Inferred | AD15: 1 | AF15: 00 31 13 | AG15: 00 31 13 | AH15: Contract & General
A16: Item | B16: CWP 01 | C16: PROPOSED-Bypass-Pumping-System | D16: Bypass pumping systems (influent and effluent) for WWTP shutdowns | E16: Site | F16: Temporary | G16: 01-C01 | H16: =IFERROR(INDEX(Schedule!$E$2:$E$147,MATCH($G16,Schedule!$A$2:$A$147,0)),"") -> 45017 | I16: =IFERROR(INDEX(Schedule!$F$2:$F$147,MATCH($G16,Schedule!$A$2:$A$147,0)),"") -> 45210 | O16: 1 | P16: =IFERROR((IF(OR(ISNUMBER(J16),UPPER(TRIM(J16))="N/A"),1,0)*IF($W16="N",0,INDEX('Rules of Credit'!$B$5:$F$8,MATCH($F16,'Rules of Credit'!$A$5:$A$8,0),1))+IF(OR(ISNUMBER(K16),UPPER(TRIM(K16))="N/A"),1,0)*INDEX('Rules of Credit'!$B$5:$F$8,MATCH($F16,'Rules of Credit'!$A$5:$A$8,0),2)+IF(OR(ISNUMBER(L16),UPPER(TRIM(L16))="N/A"),1,0)*INDEX('Rules of Credit'!$B$5:$F$8,MATCH($F16,'Rules of Credit'!$A$5:$A$8,0),3)+IF(OR(ISNUMBER(M16),UPPER(TRIM(M16))="N/A"),1,0)*IF($X16="N",0,INDEX('Rules of Credit'!$B$5:$F$8,MATCH($F16,'Rules of Credit'!$A$5:$A$8,0),4))+IF(OR(ISNUMBER(N16),UPPER(TRIM(N16))="N/A"),1,0)*INDEX('Rules of Credit'!$B$5:$F$8,MATCH($F16,'Rules of Credit'!$A$5:$A$8,0),5))/(IF($W16="N",0,INDEX('Rules of Credit'!$B$5:$F$8,MATCH($F16,'Rules of Credit'!$A$5:$A$8,0),1))+INDEX('Rules of Credit'!$B$5:$F$8,MATCH($F16,'Rules of Credit'!$A$5:$A$8,0),2)+INDEX('Rules of Credit'!$B$5:$F$8,MATCH($F16,'Rules of Credit'!$A$5:$A$8,0),3)+IF($X16="N",0,INDEX('Rules of Credit'!$B$5:$F$8,MATCH($F16,'Rules of Credit'!$A$5:$A$8,0),4))+INDEX('Rules of Credit'!$B$5:$F$8,MATCH($F16,'Rules of Credit'!$A$5:$A$8,0),5)),0) -> 0 | Q16: =IF(OR($H16="",$I16=""),0,IF('Tracker Summary'!$C$3<$H16,0,IF('Tracker Summary'!$C$3>=$I16,1,('Tracker Summary'!$C$3-$H16)/($I16-$H16+1)))) -> 0 | R16: =P16-Q16 -> 0 | S16: =IF($I16="","Not scheduled",IF(P16>=1,"Complete",IF('Tracker Summary'!$C$3>$I16,"Overdue",IF(P16-Q16<-0.1,"Behind",IF(AND(P16=0,'Tracker Summary'!$C$3<$H16),"Not started","On track"))))) -> Not started | U16: =IFERROR(INDEX(Schedule!$D$2:$D$147,MATCH($G16,Schedule!$A$2:$A$147,0)),"") -> General Requirements & Temporary Works — Temporary bypass and interim effluent piping | V16: =IFERROR(INDEX(Schedule!$F$2:$F$147,MATCH("01-P01",Schedule!$A$2:$A$147,0)),"") -> 44999 | W16: Y | X16: N | Y16: 6 | Z16: 0 | AA16: PROPOSED-Temporary bypass pumping system (Civil & Site) | AB16: #68, #250, #251 | AC16: Inferred | AD16: 1 | AF16: 01 33 00; 01 50 00 | AG16: 01 33 00; 01 50 00 | AH16: Contract & General
A17: Item | B17: CWP 01 | C17: PROPOSED-Temporary-Bypass-Alarm-Monitoring | D17: Temporary bypass alarm and status monitoring (cellular notification; wired to the existing WWTP control system) | E17: Not stated | F17: Temporary | G17: 01-C01 | H17: =IFERROR(INDEX(Schedule!$E$2:$E$147,MATCH($G17,Schedule!$A$2:$A$147,0)),"") -> 45017 | I17: =IFERROR(INDEX(Schedule!$F$2:$F$147,MATCH($G17,Schedule!$A$2:$A$147,0)),"") -> 45210 | O17: 1 | P17: =IFERROR((IF(OR(ISNUMBER(J17),UPPER(TRIM(J17))="N/A"),1,0)*IF($W17="N",0,INDEX('Rules of Credit'!$B$5:$F$8,MATCH($F17,'Rules of Credit'!$A$5:$A$8,0),1))+IF(OR(ISNUMBER(K17),UPPER(TRIM(K17))="N/A"),1,0)*INDEX('Rules of Credit'!$B$5:$F$8,MATCH($F17,'Rules of Credit'!$A$5:$A$8,0),2)+IF(OR(ISNUMBER(L17),UPPER(TRIM(L17))="N/A"),1,0)*INDEX('Rules of Credit'!$B$5:$F$8,MATCH($F17,'Rules of Credit'!$A$5:$A$8,0),3)+IF(OR(ISNUMBER(M17),UPPER(TRIM(M17))="N/A"),1,0)*IF($X17="N",0,INDEX('Rules of Credit'!$B$5:$F$8,MATCH($F17,'Rules of Credit'!$A$5:$A$8,0),4))+IF(OR(ISNUMBER(N17),UPPER(TRIM(N17))="N/A"),1,0)*INDEX('Rules of Credit'!$B$5:$F$8,MATCH($F17,'Rules of Credit'!$A$5:$A$8,0),5))/(IF($W17="N",0,INDEX('Rules of Credit'!$B$5:$F$8,MATCH($F17,'Rules of Credit'!$A$5:$A$8,0),1))+INDEX('Rules of Credit'!$B$5:$F$8,MATCH($F17,'Rules of Credit'!$A$5:$A$8,0),2)+INDEX('Rules of Credit'!$B$5:$F$8,MATCH($F17,'Rules of Credit'!$A$5:$A$8,0),3)+IF($X17="N",0,INDEX('Rules of Credit'!$B$5:$F$8,MATCH($F17,'Rules of Credit'!$A$5:$A$8,0),4))+INDEX('Rules of Credit'!$B$5:$F$8,MATCH($F17,'Rules of Credit'!$A$5:$A$8,0),5)),0) -> 0 | Q17: =IF(OR($H17="",$I17=""),0,IF('Tracker Summary'!$C$3<$H17,0,IF('Tracker Summary'!$C$3>=$I17,1,('Tracker Summary'!$C$3-$H17)/($I17-$H17+1)))) -> 0 | R17: =P17-Q17 -> 0 | S17: =IF($I17="","Not scheduled",IF(P17>=1,"Complete",IF('Tracker Summary'!$C$3>$I17,"Overdue",IF(P17-Q17<-0.1,"Behind",IF(AND(P17=0,'Tracker Summary'!$C$3<$H17),"Not started","On track"))))) -> Not started | U17: =IFERROR(INDEX(Schedule!$D$2:$D$147,MATCH($G17,Schedule!$A$2:$A$147,0)),"") -> General Requirements & Temporary Works — Temporary bypass and interim effluent piping | V17: =IFERROR(INDEX(Schedule!$F$2:$F$147,MATCH("01-P01",Schedule!$A$2:$A$147,0)),"") -> 44999 | W17: N | X17: N | Y17: 0 | Z17: 0 | AA17: PROPOSED-Temporary bypass pumping system (Civil & Site) | AB17: #68, #253 | AC17: Inferred | AD17: 1 | AF17: 01 50 00 | AG17: 01 50 00 | AH17: Contract & General
A18: Section | B18: CWP 02 | C18: Demolition & Existing Conditions | D18: =COUNTIF(A19:A39,"Item")&" items · "&COUNTIF(S19:S39,"Overdue")&" overdue · "&COUNTIF(S19:S39,"Complete")&" complete" -> 21 items · 0 overdue · 0 complete | H18: =MIN(H19:H39) -> 45017 | I18: =MAX(I19:I39) -> 45443 | O18: =SUM(O19:O39) -> 21 | P18: =IFERROR(SUMPRODUCT(O19:O39,P19:P39)/SUM(O19:O39),0) -> 0 | Q18: =IFERROR(SUMPRODUCT(O19:O39,Q19:Q39)/SUM(O19:O39),0) -> 0 | R18: =P18-Q18 -> 0
A19: Item | B19: CWP 02 | C19: PROPOSED-Existing 8in effluent outfall pipe | D19: Existing 8-inch effluent (outfall) pipe, 40 LF — abandon and remove | E19: Site | F19: Remove | G19: 02-C02 | H19: =IFERROR(INDEX(Schedule!$E$2:$E$147,MATCH($G19,Schedule!$A$2:$A$147,0)),"") -> 45017 | I19: =IFERROR(INDEX(Schedule!$F$2:$F$147,MATCH($G19,Schedule!$A$2:$A$147,0)),"") -> 45077 | O19: 1 | P19: =IFERROR((IF(OR(ISNUMBER(J19),UPPER(TRIM(J19))="N/A"),1,0)*IF($W19="N",0,INDEX('Rules of Credit'!$B$5:$F$8,MATCH($F19,'Rules of Credit'!$A$5:$A$8,0),1))+IF(OR(ISNUMBER(K19),UPPER(TRIM(K19))="N/A"),1,0)*INDEX('Rules of Credit'!$B$5:$F$8,MATCH($F19,'Rules of Credit'!$A$5:$A$8,0),2)+IF(OR(ISNUMBER(L19),UPPER(TRIM(L19))="N/A"),1,0)*INDEX('Rules of Credit'!$B$5:$F$8,MATCH($F19,'Rules of Credit'!$A$5:$A$8,0),3)+IF(OR(ISNUMBER(M19),UPPER(TRIM(M19))="N/A"),1,0)*IF($X19="N",0,INDEX('Rules of Credit'!$B$5:$F$8,MATCH($F19,'Rules of Credit'!$A$5:$A$8,0),4))+IF(OR(ISNUMBER(N19),UPPER(TRIM(N19))="N/A"),1,0)*INDEX('Rules of Credit'!$B$5:$F$8,MATCH($F19,'Rules of Credit'!$A$5:$A$8,0),5))/(IF($W19="N",0,INDEX('Rules of Credit'!$B$5:$F$8,MATCH($F19,'Rules of Credit'!$A$5:$A$8,0),1))+INDEX('Rules of Credit'!$B$5:$F$8,MATCH($F19,'Rules of Credit'!$A$5:$A$8,0),2)+INDEX('Rules of Credit'!$B$5:$F$8,MATCH($F19,'Rules of Credit'!$A$5:$A$8,0),3)+IF($X19="N",0,INDEX('Rules of Credit'!$B$5:$F$8,MATCH($F19,'Rules of Credit'!$A$5:$A$8,0),4))+INDEX('Rules of Credit'!$B$5:$F$8,MATCH($F19,'Rules of Credit'!$A$5:$A$8,0),5)),0) -> 0 | Q19: =IF(OR($H19="",$I19=""),0,IF('Tracker Summary'!$C$3<$H19,0,IF('Tracker Summary'!$C$3>=$I19,1,('Tracker Summary'!$C$3-$H19)/($I19-$H19+1)))) -> 0 | R19: =P19-Q19 -> 0 | S19: =IF($I19="","Not scheduled",IF(P19>=1,"Complete",IF('Tracker Summary'!$C$3>$I19,"Overdue",IF(P19-Q19<-0.1,"Behind",IF(AND(P19=0,'Tracker Summary'!$C$3<$H19),"Not started","On track"))))) -> Not started | U19: =IFERROR(INDEX(Schedule!$D$2:$D$147,MATCH($G19,Schedule!$A$2:$A$147,0)),"") -> Demolition & Existing Conditions — Site demolition ahead of new work | V19: =IFERROR(INDEX(Schedule!$F$2:$F$147,MATCH("02-P01",Schedule!$A$2:$A$147,0)),"") -> 45016 | W19: N | X19: N | Y19: 0 | Z19: 0 | AC19: Inferred | AD19: 1 | AE19: C0.5 (KN 1); C0.7 (cited) | AF19: 02 41 00 | AG19: C0.5; 02 41 00 | AH19: Civil & Site
A20: Item | B20: CWP 02 | C20: PROPOSED-Existing 4in roof drain pipe | D20: Existing 4-inch roof drain pipe, 40 LF — abandon and remove | E20: Site | F20: Remove | G20: 02-C02 | H20: =IFERROR(INDEX(Schedule!$E$2:$E$147,MATCH($G20,Schedule!$A$2:$A$147,0)),"") -> 45017 | I20: =IFERROR(INDEX(Schedule!$F$2:$F$147,MATCH($G20,Schedule!$A$2:$A$147,0)),"") -> 45077 | O20: 1 | P20: =IFERROR((IF(OR(ISNUMBER(J20),UPPER(TRIM(J20))="N/A"),1,0)*IF($W20="N",0,INDEX('Rules of Credit'!$B$5:$F$8,MATCH($F20,'Rules of Credit'!$A$5:$A$8,0),1))+IF(OR(ISNUMBER(K20),UPPER(TRIM(K20))="N/A"),1,0)*INDEX('Rules of Credit'!$B$5:$F$8,MATCH($F20,'Rules of Credit'!$A$5:$A$8,0),2)+IF(OR(ISNUMBER(L20),UPPER(TRIM(L20))="N/A"),1,0)*INDEX('Rules of Credit'!$B$5:$F$8,MATCH($F20,'Rules of Credit'!$A$5:$A$8,0),3)+IF(OR(ISNUMBER(M20),UPPER(TRIM(M20))="N/A"),1,0)*IF($X20="N",0,INDEX('Rules of Credit'!$B$5:$F$8,MATCH($F20,'Rules of Credit'!$A$5:$A$8,0),4))+IF(OR(ISNUMBER(N20),UPPER(TRIM(N20))="N/A"),1,0)*INDEX('Rules of Credit'!$B$5:$F$8,MATCH($F20,'Rules of Credit'!$A$5:$A$8,0),5))/(IF($W20="N",0,INDEX('Rules of Credit'!$B$5:$F$8,MATCH($F20,'Rules of Credit'!$A$5:$A$8,0),1))+INDEX('Rules of Credit'!$B$5:$F$8,MATCH($F20,'Rules of Credit'!$A$5:$A$8,0),2)+INDEX('Rules of Credit'!$B$5:$F$8,MATCH($F20,'Rules of Credit'!$A$5:$A$8,0),3)+IF($X20="N",0,INDEX('Rules of Credit'!$B$5:$F$8,MATCH($F20,'Rules of Credit'!$A$5:$A$8,0),4))+INDEX('Rules of Credit'!$B$5:$F$8,MATCH($F20,'Rules of Credit'!$A$5:$A$8,0),5)),0) -> 0 | Q20: =IF(OR($H20="",$I20=""),0,IF('Tracker Summary'!$C$3<$H20,0,IF('Tracker Summary'!$C$3>=$I20,1,('Tracker Summary'!$C$3-$H20)/($I20-$H20+1)))) -> 0 | R20: =P20-Q20 -> 0 | S20: =IF($I20="","Not scheduled",IF(P20>=1,"Complete",IF('Tracker Summary'!$C$3>$I20,"Overdue",IF(P20-Q20<-0.1,"Behind",IF(AND(P20=0,'Tracker Summary'!$C$3<$H20),"Not started","On track"))))) -> Not started | U20: =IFERROR(INDEX(Schedule!$D$2:$D$147,MATCH($G20,Schedule!$A$2:$A$147,0)),"") -> Demolition & Existing Conditions — Site demolition ahead of new work | V20: =IFERROR(INDEX(Schedule!$F$2:$F$147,MATCH("02-P01",Schedule!$A$2:$A$147,0)),"") -> 45016 | W20: N | X20: N | Y20: 0 | Z20: 0 | AC20: Inferred | AD20: 1 | AE20: C0.5 (KN 2) | AF20: 02 41 00 | AG20: C0.5; 02 41 00 | AH20: Civil & Site
A21: Item | B21: CWP 02 | C21: SSMH 1286 | D21: Existing sump pump station (sewage pump) — remove | E21: Site | F21: Remove | G21: 02-C02 | H21: =IFERROR(INDEX(Schedule!$E$2:$E$147,MATCH($G21,Schedule!$A$2:$A$147,0)),"") -> 45017 | I21: =IFERROR(INDEX(Schedule!$F$2:$F$147,MATCH($G21,Schedule!$A$2:$A$147,0)),"") -> 45077 | O21: 1 | P21: =IFERROR((IF(OR(ISNUMBER(J21),UPPER(TRIM(J21))="N/A"),1,0)*IF($W21="N",0,INDEX('Rules of Credit'!$B$5:$F$8,MATCH($F21,'Rules of Credit'!$A$5:$A$8,0),1))+IF(OR(ISNUMBER(K21),UPPER(TRIM(K21))="N/A"),1,0)*INDEX('Rules of Credit'!$B$5:$F$8,MATCH($F21,'Rules of Credit'!$A$5:$A$8,0),2)+IF(OR(ISNUMBER(L21),UPPER(TRIM(L21))="N/A"),1,0)*INDEX('Rules of Credit'!$B$5:$F$8,MATCH($F21,'Rules of Credit'!$A$5:$A$8,0),3)+IF(OR(ISNUMBER(M21),UPPER(TRIM(M21))="N/A"),1,0)*IF($X21="N",0,INDEX('Rules of Credit'!$B$5:$F$8,MATCH($F21,'Rules of Credit'!$A$5:$A$8,0),4))+IF(OR(ISNUMBER(N21),UPPER(TRIM(N21))="N/A"),1,0)*INDEX('Rules of Credit'!$B$5:$F$8,MATCH($F21,'Rules of Credit'!$A$5:$A$8,0),5))/(IF($W21="N",0,INDEX('Rules of Credit'!$B$5:$F$8,MATCH($F21,'Rules of Credit'!$A$5:$A$8,0),1))+INDEX('Rules of Credit'!$B$5:$F$8,MATCH($F21,'Rules of Credit'!$A$5:$A$8,0),2)+INDEX('Rules of Credit'!$B$5:$F$8,MATCH($F21,'Rules of Credit'!$A$5:$A$8,0),3)+IF($X21="N",0,INDEX('Rules of Credit'!$B$5:$F$8,MATCH($F21,'Rules of Credit'!$A$5:$A$8,0),4))+INDEX('Rules of Credit'!$B$5:$F$8,MATCH($F21,'Rules of Credit'!$A$5:$A$8,0),5)),0) -> 0 | Q21: =IF(OR($H21="",$I21=""),0,IF('Tracker Summary'!$C$3<$H21,0,IF('Tracker Summary'!$C$3>=$I21,1,('Tracker Summary'!$C$3-$H21)/($I21-$H21+1)))) -> 0 | R21: =P21-Q21 -> 0 | S21: =IF($I21="","Not scheduled",IF(P21>=1,"Complete",IF('Tracker Summary'!$C$3>$I21,"Overdue",IF(P21-Q21<-0.1,"Behind",IF(AND(P21=0,'Tracker Summary'!$C$3<$H21),"Not started","On track"))))) -> Not started | U21: =IFERROR(INDEX(Schedule!$D$2:$D$147,MATCH($G21,Schedule!$A$2:$A$147,0)),"") -> Demolition & Existing Conditions — Site demolition ahead of new work | V21: =IFERROR(INDEX(Schedule!$F$2:$F$147,MATCH("02-P01",Schedule!$A$2:$A$147,0)),"") -> 45016 | W21: N | X21: N | Y21: 0 | Z21: 0 | AC21: Inferred | AD21: 1 | AE21: C0.5 (KN 3, 5); C0.1 | AF21: 02 41 00 | AG21: C0.5; C0.1; 02 41 00 | AH21: Civil & Site
A22: Item | B22: CWP 02 | C22: SSMH 1285 | D22: Existing septic tank — remove | E22: Site | F22: Remove | G22: 02-C02 | H22: =IFERROR(INDEX(Schedule!$E$2:$E$147,MATCH($G22,Schedule!$A$2:$A$147,0)),"") -> 45017 | I22: =IFERROR(INDEX(Schedule!$F$2:$F$147,MATCH($G22,Schedule!$A$2:$A$147,0)),"") -> 45077 | O22: 1 | P22: =IFERROR((IF(OR(ISNUMBER(J22),UPPER(TRIM(J22))="N/A"),1,0)*IF($W22="N",0,INDEX('Rules of Credit'!$B$5:$F$8,MATCH($F22,'Rules of Credit'!$A$5:$A$8,0),1))+IF(OR(ISNUMBER(K22),UPPER(TRIM(K22))="N/A"),1,0)*INDEX('Rules of Credit'!$B$5:$F$8,MATCH($F22,'Rules of Credit'!$A$5:$A$8,0),2)+IF(OR(ISNUMBER(L22),UPPER(TRIM(L22))="N/A"),1,0)*INDEX('Rules of Credit'!$B$5:$F$8,MATCH($F22,'Rules of Credit'!$A$5:$A$8,0),3)+IF(OR(ISNUMBER(M22),UPPER(TRIM(M22))="N/A"),1,0)*IF($X22="N",0,INDEX('Rules of Credit'!$B$5:$F$8,MATCH($F22,'Rules of Credit'!$A$5:$A$8,0),4))+IF(OR(ISNUMBER(N22),UPPER(TRIM(N22))="N/A"),1,0)*INDEX('Rules of Credit'!$B$5:$F$8,MATCH($F22,'Rules of Credit'!$A$5:$A$8,0),5))/(IF($W22="N",0,INDEX('Rules of Credit'!$B$5:$F$8,MATCH($F22,'Rules of Credit'!$A$5:$A$8,0),1))+INDEX('Rules of Credit'!$B$5:$F$8,MATCH($F22,'Rules of Credit'!$A$5:$A$8,0),2)+INDEX('Rules of Credit'!$B$5:$F$8,MATCH($F22,'Rules of Credit'!$A$5:$A$8,0),3)+IF($X22="N",0,INDEX('Rules of Credit'!$B$5:$F$8,MATCH($F22,'Rules of Credit'!$A$5:$A$8,0),4))+INDEX('Rules of Credit'!$B$5:$F$8,MATCH($F22,'Rules of Credit'!$A$5:$A$8,0),5)),0) -> 0 | Q22: =IF(OR($H22="",$I22=""),0,IF('Tracker Summary'!$C$3<$H22,0,IF('Tracker Summary'!$C$3>=$I22,1,('Tracker Summary'!$C$3-$H22)/($I22-$H22+1)))) -> 0 | R22: =P22-Q22 -> 0 | S22: =IF($I22="","Not scheduled",IF(P22>=1,"Complete",IF('Tracker Summary'!$C$3>$I22,"Overdue",IF(P22-Q22<-0.1,"Behind",IF(AND(P22=0,'Tracker Summary'!$C$3<$H22),"Not started","On track"))))) -> Not started | U22: =IFERROR(INDEX(Schedule!$D$2:$D$147,MATCH($G22,Schedule!$A$2:$A$147,0)),"") -> Demolition & Existing Conditions — Site demolition ahead of new work | V22: =IFERROR(INDEX(Schedule!$F$2:$F$147,MATCH("02-P01",Schedule!$A$2:$A$147,0)),"") -> 45016 | W22: N | X22: N | Y22: 0 | Z22: 0 | AC22: Inferred | AD22: 1 | AE22: C0.5 (KN 4); C0.1 | AF22: 02 41 00 | AG22: C0.5; C0.1; 02 41 00 | AH22: Civil & Site
A23: Item | B23: CWP 02 | C23: PROPOSED-Existing 10in effluent outfall pipe | D23: Existing 10-inch effluent (outfall) pipe, 60 LF — abandon and remove | E23: Site | F23: Remove | G23: 02-C02 | H23: =IFERROR(INDEX(Schedule!$E$2:$E$147,MATCH($G23,Schedule!$A$2:$A$147,0)),"") -> 45017 | I23: =IFERROR(INDEX(Schedule!$F$2:$F$147,MATCH($G23,Schedule!$A$2:$A$147,0)),"") -> 45077 | O23: 1 | P23: =IFERROR((IF(OR(ISNUMBER(J23),UPPER(TRIM(J23))="N/A"),1,0)*IF($W23="N",0,INDEX('Rules of Credit'!$B$5:$F$8,MATCH($F23,'Rules of Credit'!$A$5:$A$8,0),1))+IF(OR(ISNUMBER(K23),UPPER(TRIM(K23))="N/A"),1,0)*INDEX('Rules of Credit'!$B$5:$F$8,MATCH($F23,'Rules of Credit'!$A$5:$A$8,0),2)+IF(OR(ISNUMBER(L23),UPPER(TRIM(L23))="N/A"),1,0)*INDEX('Rules of Credit'!$B$5:$F$8,MATCH($F23,'Rules of Credit'!$A$5:$A$8,0),3)+IF(OR(ISNUMBER(M23),UPPER(TRIM(M23))="N/A"),1,0)*IF($X23="N",0,INDEX('Rules of Credit'!$B$5:$F$8,MATCH($F23,'Rules of Credit'!$A$5:$A$8,0),4))+IF(OR(ISNUMBER(N23),UPPER(TRIM(N23))="N/A"),1,0)*INDEX('Rules of Credit'!$B$5:$F$8,MATCH($F23,'Rules of Credit'!$A$5:$A$8,0),5))/(IF($W23="N",0,INDEX('Rules of Credit'!$B$5:$F$8,MATCH($F23,'Rules of Credit'!$A$5:$A$8,0),1))+INDEX('Rules of Credit'!$B$5:$F$8,MATCH($F23,'Rules of Credit'!$A$5:$A$8,0),2)+INDEX('Rules of Credit'!$B$5:$F$8,MATCH($F23,'Rules of Credit'!$A$5:$A$8,0),3)+IF($X23="N",0,INDEX('Rules of Credit'!$B$5:$F$8,MATCH($F23,'Rules of Credit'!$A$5:$A$8,0),4))+INDEX('Rules of Credit'!$B$5:$F$8,MATCH($F23,'Rules of Credit'!$A$5:$A$8,0),5)),0) -> 0 | Q23: =IF(OR($H23="",$I23=""),0,IF('Tracker Summary'!$C$3<$H23,0,IF('Tracker Summary'!$C$3>=$I23,1,('Tracker Summary'!$C$3-$H23)/($I23-$H23+1)))) -> 0 | R23: =P23-Q23 -> 0 | S23: =IF($I23="","Not scheduled",IF(P23>=1,"Complete",IF('Tracker Summary'!$C$3>$I23,"Overdue",IF(P23-Q23<-0.1,"Behind",IF(AND(P23=0,'Tracker Summary'!$C$3<$H23),"Not started","On track"))))) -> Not started | U23: =IFERROR(INDEX(Schedule!$D$2:$D$147,MATCH($G23,Schedule!$A$2:$A$147,0)),"") -> Demolition & Existing Conditions — Site demolition ahead of new work | V23: =IFERROR(INDEX(Schedule!$F$2:$F$147,MATCH("02-P01",Schedule!$A$2:$A$147,0)),"") -> 45016 | W23: N | X23: N | Y23: 0 | Z23: 0 | AC23: Inferred | AD23: 1 | AE23: C0.5 (KN 8) | AF23: 02 41 00 | AG23: C0.5; 02 41 00 | AH23: Civil & Site
A24: Item | B24: CWP 02 | C24: PROPOSED-Existing storm drain and catch basin 87 LF | D24: Existing storm drain, 87 LF, and catch basin — remove | E24: Site | F24: Remove | G24: 02-C02 | H24: =IFERROR(INDEX(Schedule!$E$2:$E$147,MATCH($G24,Schedule!$A$2:$A$147,0)),"") -> 45017 | I24: =IFERROR(INDEX(Schedule!$F$2:$F$147,MATCH($G24,Schedule!$A$2:$A$147,0)),"") -> 45077 | O24: 1 | P24: =IFERROR((IF(OR(ISNUMBER(J24),UPPER(TRIM(J24))="N/A"),1,0)*IF($W24="N",0,INDEX('Rules of Credit'!$B$5:$F$8,MATCH($F24,'Rules of Credit'!$A$5:$A$8,0),1))+IF(OR(ISNUMBER(K24),UPPER(TRIM(K24))="N/A"),1,0)*INDEX('Rules of Credit'!$B$5:$F$8,MATCH($F24,'Rules of Credit'!$A$5:$A$8,0),2)+IF(OR(ISNUMBER(L24),UPPER(TRIM(L24))="N/A"),1,0)*INDEX('Rules of Credit'!$B$5:$F$8,MATCH($F24,'Rules of Credit'!$A$5:$A$8,0),3)+IF(OR(ISNUMBER(M24),UPPER(TRIM(M24))="N/A"),1,0)*IF($X24="N",0,INDEX('Rules of Credit'!$B$5:$F$8,MATCH($F24,'Rules of Credit'!$A$5:$A$8,0),4))+IF(OR(ISNUMBER(N24),UPPER(TRIM(N24))="N/A"),1,0)*INDEX('Rules of Credit'!$B$5:$F$8,MATCH($F24,'Rules of Credit'!$A$5:$A$8,0),5))/(IF($W24="N",0,INDEX('Rules of Credit'!$B$5:$F$8,MATCH($F24,'Rules of Credit'!$A$5:$A$8,0),1))+INDEX('Rules of Credit'!$B$5:$F$8,MATCH($F24,'Rules of Credit'!$A$5:$A$8,0),2)+INDEX('Rules of Credit'!$B$5:$F$8,MATCH($F24,'Rules of Credit'!$A$5:$A$8,0),3)+IF($X24="N",0,INDEX('Rules of Credit'!$B$5:$F$8,MATCH($F24,'Rules of Credit'!$A$5:$A$8,0),4))+INDEX('Rules of Credit'!$B$5:$F$8,MATCH($F24,'Rules of Credit'!$A$5:$A$8,0),5)),0) -> 0 | Q24: =IF(OR($H24="",$I24=""),0,IF('Tracker Summary'!$C$3<$H24,0,IF('Tracker Summary'!$C$3>=$I24,1,('Tracker Summary'!$C$3-$H24)/($I24-$H24+1)))) -> 0 | R24: =P24-Q24 -> 0 | S24: =IF($I24="","Not scheduled",IF(P24>=1,"Complete",IF('Tracker Summary'!$C$3>$I24,"Overdue",IF(P24-Q24<-0.1,"Behind",IF(AND(P24=0,'Tracker Summary'!$C$3<$H24),"Not started","On track"))))) -> Not started | U24: =IFERROR(INDEX(Schedule!$D$2:$D$147,MATCH($G24,Schedule!$A$2:$A$147,0)),"") -> Demolition & Existing Conditions — Site demolition ahead of new work | V24: =IFERROR(INDEX(Schedule!$F$2:$F$147,MATCH("02-P01",Schedule!$A$2:$A$147,0)),"") -> 45016 | W24: N | X24: N | Y24: 0 | Z24: 0 | AC24: Inferred | AD24: 1 | AE24: C0.5 (KN 9) | AF24: 02 41 00 | AG24: C0.5; 02 41 00 | AH24: Civil & Site
A25: Item | B25: CWP 02 | C25: PROPOSED-Existing 6in drain pipe to sump station | D25: Existing 6-inch drain pipe to sump pump station, 20 LF — abandon and remove | E25: Site | F25: Remove | G25: 02-C02 | H25: =IFERROR(INDEX(Schedule!$E$2:$E$147,MATCH($G25,Schedule!$A$2:$A$147,0)),"") -> 45017 | I25: =IFERROR(INDEX(Schedule!$F$2:$F$147,MATCH($G25,Schedule!$A$2:$A$147,0)),"") -> 45077 | O25: 1 | P25: =IFERROR((IF(OR(ISNUMBER(J25),UPPER(TRIM(J25))="N/A"),1,0)*IF($W25="N",0,INDEX('Rules of Credit'!$B$5:$F$8,MATCH($F25,'Rules of Credit'!$A$5:$A$8,0),1))+IF(OR(ISNUMBER(K25),UPPER(TRIM(K25))="N/A"),1,0)*INDEX('Rules of Credit'!$B$5:$F$8,MATCH($F25,'Rules of Credit'!$A$5:$A$8,0),2)+IF(OR(ISNUMBER(L25),UPPER(TRIM(L25))="N/A"),1,0)*INDEX('Rules of Credit'!$B$5:$F$8,MATCH($F25,'Rules of Credit'!$A$5:$A$8,0),3)+IF(OR(ISNUMBER(M25),UPPER(TRIM(M25))="N/A"),1,0)*IF($X25="N",0,INDEX('Rules of Credit'!$B$5:$F$8,MATCH($F25,'Rules of Credit'!$A$5:$A$8,0),4))+IF(OR(ISNUMBER(N25),UPPER(TRIM(N25))="N/A"),1,0)*INDEX('Rules of Credit'!$B$5:$F$8,MATCH($F25,'Rules of Credit'!$A$5:$A$8,0),5))/(IF($W25="N",0,INDEX('Rules of Credit'!$B$5:$F$8,MATCH($F25,'Rules of Credit'!$A$5:$A$8,0),1))+INDEX('Rules of Credit'!$B$5:$F$8,MATCH($F25,'Rules of Credit'!$A$5:$A$8,0),2)+INDEX('Rules of Credit'!$B$5:$F$8,MATCH($F25,'Rules of Credit'!$A$5:$A$8,0),3)+IF($X25="N",0,INDEX('Rules of Credit'!$B$5:$F$8,MATCH($F25,'Rules of Credit'!$A$5:$A$8,0),4))+INDEX('Rules of Credit'!$B$5:$F$8,MATCH($F25,'Rules of Credit'!$A$5:$A$8,0),5)),0) -> 0 | Q25: =IF(OR($H25="",$I25=""),0,IF('Tracker Summary'!$C$3<$H25,0,IF('Tracker Summary'!$C$3>=$I25,1,('Tracker Summary'!$C$3-$H25)/($I25-$H25+1)))) -> 0 | R25: =P25-Q25 -> 0 | S25: =IF($I25="","Not scheduled",IF(P25>=1,"Complete",IF('Tracker Summary'!$C$3>$I25,"Overdue",IF(P25-Q25<-0.1,"Behind",IF(AND(P25=0,'Tracker Summary'!$C$3<$H25),"Not started","On track"))))) -> Not started | U25: =IFERROR(INDEX(Schedule!$D$2:$D$147,MATCH($G25,Schedule!$A$2:$A$147,0)),"") -> Demolition & Existing Conditions — Site demolition ahead of new work | V25: =IFERROR(INDEX(Schedule!$F$2:$F$147,MATCH("02-P01",Schedule!$A$2:$A$147,0)),"") -> 45016 | W25: N | X25: N | Y25: 0 | Z25: 0 | AC25: Inferred | AD25: 1 | AE25: C0.5 (KN 11) | AF25: 02 41 00 | AG25: C0.5; 02 41 00 | AH25: Civil & Site
A26: Item | B26: CWP 02 | C26: PROPOSED-Existing 1.5in sump force main | D26: Existing 1-1/2-inch sump pump force main, 60 LF — abandon and remove | E26: Site | F26: Remove | G26: 02-C02 | H26: =IFERROR(INDEX(Schedule!$E$2:$E$147,MATCH($G26,Schedule!$A$2:$A$147,0)),"") -> 45017 | I26: =IFERROR(INDEX(Schedule!$F$2:$F$147,MATCH($G26,Schedule!$A$2:$A$147,0)),"") -> 45077 | O26: 1 | P26: =IFERROR((IF(OR(ISNUMBER(J26),UPPER(TRIM(J26))="N/A"),1,0)*IF($W26="N",0,INDEX('Rules of Credit'!$B$5:$F$8,MATCH($F26,'Rules of Credit'!$A$5:$A$8,0),1))+IF(OR(ISNUMBER(K26),UPPER(TRIM(K26))="N/A"),1,0)*INDEX('Rules of Credit'!$B$5:$F$8,MATCH($F26,'Rules of Credit'!$A$5:$A$8,0),2)+IF(OR(ISNUMBER(L26),UPPER(TRIM(L26))="N/A"),1,0)*INDEX('Rules of Credit'!$B$5:$F$8,MATCH($F26,'Rules of Credit'!$A$5:$A$8,0),3)+IF(OR(ISNUMBER(M26),UPPER(TRIM(M26))="N/A"),1,0)*IF($X26="N",0,INDEX('Rules of Credit'!$B$5:$F$8,MATCH($F26,'Rules of Credit'!$A$5:$A$8,0),4))+IF(OR(ISNUMBER(N26),UPPER(TRIM(N26))="N/A"),1,0)*INDEX('Rules of Credit'!$B$5:$F$8,MATCH($F26,'Rules of Credit'!$A$5:$A$8,0),5))/(IF($W26="N",0,INDEX('Rules of Credit'!$B$5:$F$8,MATCH($F26,'Rules of Credit'!$A$5:$A$8,0),1))+INDEX('Rules of Credit'!$B$5:$F$8,MATCH($F26,'Rules of Credit'!$A$5:$A$8,0),2)+INDEX('Rules of Credit'!$B$5:$F$8,MATCH($F26,'Rules of Credit'!$A$5:$A$8,0),3)+IF($X26="N",0,INDEX('Rules of Credit'!$B$5:$F$8,MATCH($F26,'Rules of Credit'!$A$5:$A$8,0),4))+INDEX('Rules of Credit'!$B$5:$F$8,MATCH($F26,'Rules of Credit'!$A$5:$A$8,0),5)),0) -> 0 | Q26: =IF(OR($H26="",$I26=""),0,IF('Tracker Summary'!$C$3<$H26,0,IF('Tracker Summary'!$C$3>=$I26,1,('Tracker Summary'!$C$3-$H26)/($I26-$H26+1)))) -> 0 | R26: =P26-Q26 -> 0 | S26: =IF($I26="","Not scheduled",IF(P26>=1,"Complete",IF('Tracker Summary'!$C$3>$I26,"Overdue",IF(P26-Q26<-0.1,"Behind",IF(AND(P26=0,'Tracker Summary'!$C$3<$H26),"Not started","On track"))))) -> Not started | U26: =IFERROR(INDEX(Schedule!$D$2:$D$147,MATCH($G26,Schedule!$A$2:$A$147,0)),"") -> Demolition & Existing Conditions — Site demolition ahead of new work | V26: =IFERROR(INDEX(Schedule!$F$2:$F$147,MATCH("02-P01",Schedule!$A$2:$A$147,0)),"") -> 45016 | W26: N | X26: N | Y26: 0 | Z26: 0 | AC26: Inferred | AD26: 1 | AE26: C0.5 (KN 12) | AF26: 02 41 00 | AG26: C0.5; 02 41 00 | AH26: Civil & Site
A27: Item | B27: CWP 02 | C27: PROPOSED-Existing chain link fence 149 LF | D27: Existing chain link fence, 149 LF — remove | E27: Site | F27: Remove | G27: 02-C02 | H27: =IFERROR(INDEX(Schedule!$E$2:$E$147,MATCH($G27,Schedule!$A$2:$A$147,0)),"") -> 45017 | I27: =IFERROR(INDEX(Schedule!$F$2:$F$147,MATCH($G27,Schedule!$A$2:$A$147,0)),"") -> 45077 | O27: 1 | P27: =IFERROR((IF(OR(ISNUMBER(J27),UPPER(TRIM(J27))="N/A"),1,0)*IF($W27="N",0,INDEX('Rules of Credit'!$B$5:$F$8,MATCH($F27,'Rules of Credit'!$A$5:$A$8,0),1))+IF(OR(ISNUMBER(K27),UPPER(TRIM(K27))="N/A"),1,0)*INDEX('Rules of Credit'!$B$5:$F$8,MATCH($F27,'Rules of Credit'!$A$5:$A$8,0),2)+IF(OR(ISNUMBER(L27),UPPER(TRIM(L27))="N/A"),1,0)*INDEX('Rules of Credit'!$B$5:$F$8,MATCH($F27,'Rules of Credit'!$A$5:$A$8,0),3)+IF(OR(ISNUMBER(M27),UPPER(TRIM(M27))="N/A"),1,0)*IF($X27="N",0,INDEX('Rules of Credit'!$B$5:$F$8,MATCH($F27,'Rules of Credit'!$A$5:$A$8,0),4))+IF(OR(ISNUMBER(N27),UPPER(TRIM(N27))="N/A"),1,0)*INDEX('Rules of Credit'!$B$5:$F$8,MATCH($F27,'Rules of Credit'!$A$5:$A$8,0),5))/(IF($W27="N",0,INDEX('Rules of Credit'!$B$5:$F$8,MATCH($F27,'Rules of Credit'!$A$5:$A$8,0),1))+INDEX('Rules of Credit'!$B$5:$F$8,MATCH($F27,'Rules of Credit'!$A$5:$A$8,0),2)+INDEX('Rules of Credit'!$B$5:$F$8,MATCH($F27,'Rules of Credit'!$A$5:$A$8,0),3)+IF($X27="N",0,INDEX('Rules of Credit'!$B$5:$F$8,MATCH($F27,'Rules of Credit'!$A$5:$A$8,0),4))+INDEX('Rules of Credit'!$B$5:$F$8,MATCH($F27,'Rules of Credit'!$A$5:$A$8,0),5)),0) -> 0 | Q27: =IF(OR($H27="",$I27=""),0,IF('Tracker Summary'!$C$3<$H27,0,IF('Tracker Summary'!$C$3>=$I27,1,('Tracker Summary'!$C$3-$H27)/($I27-$H27+1)))) -> 0 | R27: =P27-Q27 -> 0 | S27: =IF($I27="","Not scheduled",IF(P27>=1,"Complete",IF('Tracker Summary'!$C$3>$I27,"Overdue",IF(P27-Q27<-0.1,"Behind",IF(AND(P27=0,'Tracker Summary'!$C$3<$H27),"Not started","On track"))))) -> Not started | U27: =IFERROR(INDEX(Schedule!$D$2:$D$147,MATCH($G27,Schedule!$A$2:$A$147,0)),"") -> Demolition & Existing Conditions — Site demolition ahead of new work | V27: =IFERROR(INDEX(Schedule!$F$2:$F$147,MATCH("02-P01",Schedule!$A$2:$A$147,0)),"") -> 45016 | W27: N | X27: N | Y27: 0 | Z27: 0 | AC27: Inferred | AD27: 1 | AE27: C0.5 (KN 16) | AF27: 02 41 00 | AG27: C0.5; 02 41 00 | AH27: Civil & Site
A28: Item | B28: CWP 02 | C28: PROPOSED-Existing storm drain at roof drain 7 ft | D28: Existing storm drain connected to roof drain, 7 ft — remove | E28: Site | F28: Remove | G28: 02-C02 | H28: =IFERROR(INDEX(Schedule!$E$2:$E$147,MATCH($G28,Schedule!$A$2:$A$147,0)),"") -> 45017 | I28: =IFERROR(INDEX(Schedule!$F$2:$F$147,MATCH($G28,Schedule!$A$2:$A$147,0)),"") -> 45077 | O28: 1 | P28: =IFERROR((IF(OR(ISNUMBER(J28),UPPER(TRIM(J28))="N/A"),1,0)*IF($W28="N",0,INDEX('Rules of Credit'!$B$5:$F$8,MATCH($F28,'Rules of Credit'!$A$5:$A$8,0),1))+IF(OR(ISNUMBER(K28),UPPER(TRIM(K28))="N/A"),1,0)*INDEX('Rules of Credit'!$B$5:$F$8,MATCH($F28,'Rules of Credit'!$A$5:$A$8,0),2)+IF(OR(ISNUMBER(L28),UPPER(TRIM(L28))="N/A"),1,0)*INDEX('Rules of Credit'!$B$5:$F$8,MATCH($F28,'Rules of Credit'!$A$5:$A$8,0),3)+IF(OR(ISNUMBER(M28),UPPER(TRIM(M28))="N/A"),1,0)*IF($X28="N",0,INDEX('Rules of Credit'!$B$5:$F$8,MATCH($F28,'Rules of Credit'!$A$5:$A$8,0),4))+IF(OR(ISNUMBER(N28),UPPER(TRIM(N28))="N/A"),1,0)*INDEX('Rules of Credit'!$B$5:$F$8,MATCH($F28,'Rules of Credit'!$A$5:$A$8,0),5))/(IF($W28="N",0,INDEX('Rules of Credit'!$B$5:$F$8,MATCH($F28,'Rules of Credit'!$A$5:$A$8,0),1))+INDEX('Rules of Credit'!$B$5:$F$8,MATCH($F28,'Rules of Credit'!$A$5:$A$8,0),2)+INDEX('Rules of Credit'!$B$5:$F$8,MATCH($F28,'Rules of Credit'!$A$5:$A$8,0),3)+IF($X28="N",0,INDEX('Rules of Credit'!$B$5:$F$8,MATCH($F28,'Rules of Credit'!$A$5:$A$8,0),4))+INDEX('Rules of Credit'!$B$5:$F$8,MATCH($F28,'Rules of Credit'!$A$5:$A$8,0),5)),0) -> 0 | Q28: =IF(OR($H28="",$I28=""),0,IF('Tracker Summary'!$C$3<$H28,0,IF('Tracker Summary'!$C$3>=$I28,1,('Tracker Summary'!$C$3-$H28)/($I28-$H28+1)))) -> 0 | R28: =P28-Q28 -> 0 | S28: =IF($I28="","Not scheduled",IF(P28>=1,"Complete",IF('Tracker Summary'!$C$3>$I28,"Overdue",IF(P28-Q28<-0.1,"Behind",IF(AND(P28=0,'Tracker Summary'!$C$3<$H28),"Not started","On track"))))) -> Not started | U28: =IFERROR(INDEX(Schedule!$D$2:$D$147,MATCH($G28,Schedule!$A$2:$A$147,0)),"") -> Demolition & Existing Conditions — Site demolition ahead of new work | V28: =IFERROR(INDEX(Schedule!$F$2:$F$147,MATCH("02-P01",Schedule!$A$2:$A$147,0)),"") -> 45016 | W28: N | X28: N | Y28: 0 | Z28: 0 | AC28: Inferred | AD28: 1 | AE28: C0.5 (KN 17) | AF28: 02 41 00 | AG28: C0.5; 02 41 00 | AH28: Civil & Site
A29: Item | B29: CWP 02 | C29: PROPOSED-Existing retaining wall 61 LF | D29: Existing retaining wall, 61 LF — remove | E29: Site | F29: Remove | G29: 02-C02 | H29: =IFERROR(INDEX(Schedule!$E$2:$E$147,MATCH($G29,Schedule!$A$2:$A$147,0)),"") -> 45017 | I29: =IFERROR(INDEX(Schedule!$F$2:$F$147,MATCH($G29,Schedule!$A$2:$A$147,0)),"") -> 45077 | O29: 1 | P29: =IFERROR((IF(OR(ISNUMBER(J29),UPPER(TRIM(J29))="N/A"),1,0)*IF($W29="N",0,INDEX('Rules of Credit'!$B$5:$F$8,MATCH($F29,'Rules of Credit'!$A$5:$A$8,0),1))+IF(OR(ISNUMBER(K29),UPPER(TRIM(K29))="N/A"),1,0)*INDEX('Rules of Credit'!$B$5:$F$8,MATCH($F29,'Rules of Credit'!$A$5:$A$8,0),2)+IF(OR(ISNUMBER(L29),UPPER(TRIM(L29))="N/A"),1,0)*INDEX('Rules of Credit'!$B$5:$F$8,MATCH($F29,'Rules of Credit'!$A$5:$A$8,0),3)+IF(OR(ISNUMBER(M29),UPPER(TRIM(M29))="N/A"),1,0)*IF($X29="N",0,INDEX('Rules of Credit'!$B$5:$F$8,MATCH($F29,'Rules of Credit'!$A$5:$A$8,0),4))+IF(OR(ISNUMBER(N29),UPPER(TRIM(N29))="N/A"),1,0)*INDEX('Rules of Credit'!$B$5:$F$8,MATCH($F29,'Rules of Credit'!$A$5:$A$8,0),5))/(IF($W29="N",0,INDEX('Rules of Credit'!$B$5:$F$8,MATCH($F29,'Rules of Credit'!$A$5:$A$8,0),1))+INDEX('Rules of Credit'!$B$5:$F$8,MATCH($F29,'Rules of Credit'!$A$5:$A$8,0),2)+INDEX('Rules of Credit'!$B$5:$F$8,MATCH($F29,'Rules of Credit'!$A$5:$A$8,0),3)+IF($X29="N",0,INDEX('Rules of Credit'!$B$5:$F$8,MATCH($F29,'Rules of Credit'!$A$5:$A$8,0),4))+INDEX('Rules of Credit'!$B$5:$F$8,MATCH($F29,'Rules of Credit'!$A$5:$A$8,0),5)),0) -> 0 | Q29: =IF(OR($H29="",$I29=""),0,IF('Tracker Summary'!$C$3<$H29,0,IF('Tracker Summary'!$C$3>=$I29,1,('Tracker Summary'!$C$3-$H29)/($I29-$H29+1)))) -> 0 | R29: =P29-Q29 -> 0 | S29: =IF($I29="","Not scheduled",IF(P29>=1,"Complete",IF('Tracker Summary'!$C$3>$I29,"Overdue",IF(P29-Q29<-0.1,"Behind",IF(AND(P29=0,'Tracker Summary'!$C$3<$H29),"Not started","On track"))))) -> Not started | U29: =IFERROR(INDEX(Schedule!$D$2:$D$147,MATCH($G29,Schedule!$A$2:$A$147,0)),"") -> Demolition & Existing Conditions — Site demolition ahead of new work | V29: =IFERROR(INDEX(Schedule!$F$2:$F$147,MATCH("02-P01",Schedule!$A$2:$A$147,0)),"") -> 45016 | W29: N | X29: N | Y29: 0 | Z29: 0 | AC29: Inferred | AD29: 1 | AE29: C0.5 (KN 18) | AF29: 02 41 00 | AG29: C0.5; 02 41 00 | AH29: Civil & Site
A30: Item | B30: CWP 02 | C30: PROPOSED-Existing chain link fence 119 LF | D30: Existing chain link fence, 119 LF — remove | E30: Site | F30: Remove | G30: 02-C02 | H30: =IFERROR(INDEX(Schedule!$E$2:$E$147,MATCH($G30,Schedule!$A$2:$A$147,0)),"") -> 45017 | I30: =IFERROR(INDEX(Schedule!$F$2:$F$147,MATCH($G30,Schedule!$A$2:$A$147,0)),"") -> 45077 | O30: 1 | P30: =IFERROR((IF(OR(ISNUMBER(J30),UPPER(TRIM(J30))="N/A"),1,0)*IF($W30="N",0,INDEX('Rules of Credit'!$B$5:$F$8,MATCH($F30,'Rules of Credit'!$A$5:$A$8,0),1))+IF(OR(ISNUMBER(K30),UPPER(TRIM(K30))="N/A"),1,0)*INDEX('Rules of Credit'!$B$5:$F$8,MATCH($F30,'Rules of Credit'!$A$5:$A$8,0),2)+IF(OR(ISNUMBER(L30),UPPER(TRIM(L30))="N/A"),1,0)*INDEX('Rules of Credit'!$B$5:$F$8,MATCH($F30,'Rules of Credit'!$A$5:$A$8,0),3)+IF(OR(ISNUMBER(M30),UPPER(TRIM(M30))="N/A"),1,0)*IF($X30="N",0,INDEX('Rules of Credit'!$B$5:$F$8,MATCH($F30,'Rules of Credit'!$A$5:$A$8,0),4))+IF(OR(ISNUMBER(N30),UPPER(TRIM(N30))="N/A"),1,0)*INDEX('Rules of Credit'!$B$5:$F$8,MATCH($F30,'Rules of Credit'!$A$5:$A$8,0),5))/(IF($W30="N",0,INDEX('Rules of Credit'!$B$5:$F$8,MATCH($F30,'Rules of Credit'!$A$5:$A$8,0),1))+INDEX('Rules of Credit'!$B$5:$F$8,MATCH($F30,'Rules of Credit'!$A$5:$A$8,0),2)+INDEX('Rules of Credit'!$B$5:$F$8,MATCH($F30,'Rules of Credit'!$A$5:$A$8,0),3)+IF($X30="N",0,INDEX('Rules of Credit'!$B$5:$F$8,MATCH($F30,'Rules of Credit'!$A$5:$A$8,0),4))+INDEX('Rules of Credit'!$B$5:$F$8,MATCH($F30,'Rules of Credit'!$A$5:$A$8,0),5)),0) -> 0 | Q30: =IF(OR($H30="",$I30=""),0,IF('Tracker Summary'!$C$3<$H30,0,IF('Tracker Summary'!$C$3>=$I30,1,('Tracker Summary'!$C$3-$H30)/($I30-$H30+1)))) -> 0 | R30: =P30-Q30 -> 0 | S30: =IF($I30="","Not scheduled",IF(P30>=1,"Complete",IF('Tracker Summary'!$C$3>$I30,"Overdue",IF(P30-Q30<-0.1,"Behind",IF(AND(P30=0,'Tracker Summary'!$C$3<$H30),"Not started","On track"))))) -> Not started | U30: =IFERROR(INDEX(Schedule!$D$2:$D$147,MATCH($G30,Schedule!$A$2:$A$147,0)),"") -> Demolition & Existing Conditions — Site demolition ahead of new work | V30: =IFERROR(INDEX(Schedule!$F$2:$F$147,MATCH("02-P01",Schedule!$A$2:$A$147,0)),"") -> 45016 | W30: N | X30: N | Y30: 0 | Z30: 0 | AC30: Inferred | AD30: 1 | AE30: C0.5 (KN 20) | AF30: 02 41 00 | AG30: C0.5; 02 41 00 | AH30: Civil & Site
A31: Item | B31: CWP 02 | C31: PROPOSED-Existing 4in storm drain 8 LF | D31: Existing 4-inch storm drain, 8 LF — remove | E31: Site | F31: Remove | G31: 02-C02 | H31: =IFERROR(INDEX(Schedule!$E$2:$E$147,MATCH($G31,Schedule!$A$2:$A$147,0)),"") -> 45017 | I31: =IFERROR(INDEX(Schedule!$F$2:$F$147,MATCH($G31,Schedule!$A$2:$A$147,0)),"") -> 45077 | O31: 1 | P31: =IFERROR((IF(OR(ISNUMBER(J31),UPPER(TRIM(J31))="N/A"),1,0)*IF($W31="N",0,INDEX('Rules of Credit'!$B$5:$F$8,MATCH($F31,'Rules of Credit'!$A$5:$A$8,0),1))+IF(OR(ISNUMBER(K31),UPPER(TRIM(K31))="N/A"),1,0)*INDEX('Rules of Credit'!$B$5:$F$8,MATCH($F31,'Rules of Credit'!$A$5:$A$8,0),2)+IF(OR(ISNUMBER(L31),UPPER(TRIM(L31))="N/A"),1,0)*INDEX('Rules of Credit'!$B$5:$F$8,MATCH($F31,'Rules of Credit'!$A$5:$A$8,0),3)+IF(OR(ISNUMBER(M31),UPPER(TRIM(M31))="N/A"),1,0)*IF($X31="N",0,INDEX('Rules of Credit'!$B$5:$F$8,MATCH($F31,'Rules of Credit'!$A$5:$A$8,0),4))+IF(OR(ISNUMBER(N31),UPPER(TRIM(N31))="N/A"),1,0)*INDEX('Rules of Credit'!$B$5:$F$8,MATCH($F31,'Rules of Credit'!$A$5:$A$8,0),5))/(IF($W31="N",0,INDEX('Rules of Credit'!$B$5:$F$8,MATCH($F31,'Rules of Credit'!$A$5:$A$8,0),1))+INDEX('Rules of Credit'!$B$5:$F$8,MATCH($F31,'Rules of Credit'!$A$5:$A$8,0),2)+INDEX('Rules of Credit'!$B$5:$F$8,MATCH($F31,'Rules of Credit'!$A$5:$A$8,0),3)+IF($X31="N",0,INDEX('Rules of Credit'!$B$5:$F$8,MATCH($F31,'Rules of Credit'!$A$5:$A$8,0),4))+INDEX('Rules of Credit'!$B$5:$F$8,MATCH($F31,'Rules of Credit'!$A$5:$A$8,0),5)),0) -> 0 | Q31: =IF(OR($H31="",$I31=""),0,IF('Tracker Summary'!$C$3<$H31,0,IF('Tracker Summary'!$C$3>=$I31,1,('Tracker Summary'!$C$3-$H31)/($I31-$H31+1)))) -> 0 | R31: =P31-Q31 -> 0 | S31: =IF($I31="","Not scheduled",IF(P31>=1,"Complete",IF('Tracker Summary'!$C$3>$I31,"Overdue",IF(P31-Q31<-0.1,"Behind",IF(AND(P31=0,'Tracker Summary'!$C$3<$H31),"Not started","On track"))))) -> Not started | U31: =IFERROR(INDEX(Schedule!$D$2:$D$147,MATCH($G31,Schedule!$A$2:$A$147,0)),"") -> Demolition & Existing Conditions — Site demolition ahead of new work | V31: =IFERROR(INDEX(Schedule!$F$2:$F$147,MATCH("02-P01",Schedule!$A$2:$A$147,0)),"") -> 45016 | W31: N | X31: N | Y31: 0 | Z31: 0 | AC31: Inferred | AD31: 1 | AE31: C0.5 (KN 21) | AF31: 02 41 00 | AG31: C0.5; 02 41 00 | AH31: Civil & Site
A32: Item | B32: CWP 02 | C32: PROPOSED-Existing 8in influent pipe | D32: Existing 8-inch influent pipe — abandon and remove | E32: Site | F32: Remove | G32: 02-C02 | H32: =IFERROR(INDEX(Schedule!$E$2:$E$147,MATCH($G32,Schedule!$A$2:$A$147,0)),"") -> 45017 | I32: =IFERROR(INDEX(Schedule!$F$2:$F$147,MATCH($G32,Schedule!$A$2:$A$147,0)),"") -> 45077 | O32: 1 | P32: =IFERROR((IF(OR(ISNUMBER(J32),UPPER(TRIM(J32))="N/A"),1,0)*IF($W32="N",0,INDEX('Rules of Credit'!$B$5:$F$8,MATCH($F32,'Rules of Credit'!$A$5:$A$8,0),1))+IF(OR(ISNUMBER(K32),UPPER(TRIM(K32))="N/A"),1,0)*INDEX('Rules of Credit'!$B$5:$F$8,MATCH($F32,'Rules of Credit'!$A$5:$A$8,0),2)+IF(OR(ISNUMBER(L32),UPPER(TRIM(L32))="N/A"),1,0)*INDEX('Rules of Credit'!$B$5:$F$8,MATCH($F32,'Rules of Credit'!$A$5:$A$8,0),3)+IF(OR(ISNUMBER(M32),UPPER(TRIM(M32))="N/A"),1,0)*IF($X32="N",0,INDEX('Rules of Credit'!$B$5:$F$8,MATCH($F32,'Rules of Credit'!$A$5:$A$8,0),4))+IF(OR(ISNUMBER(N32),UPPER(TRIM(N32))="N/A"),1,0)*INDEX('Rules of Credit'!$B$5:$F$8,MATCH($F32,'Rules of Credit'!$A$5:$A$8,0),5))/(IF($W32="N",0,INDEX('Rules of Credit'!$B$5:$F$8,MATCH($F32,'Rules of Credit'!$A$5:$A$8,0),1))+INDEX('Rules of Credit'!$B$5:$F$8,MATCH($F32,'Rules of Credit'!$A$5:$A$8,0),2)+INDEX('Rules of Credit'!$B$5:$F$8,MATCH($F32,'Rules of Credit'!$A$5:$A$8,0),3)+IF($X32="N",0,INDEX('Rules of Credit'!$B$5:$F$8,MATCH($F32,'Rules of Credit'!$A$5:$A$8,0),4))+INDEX('Rules of Credit'!$B$5:$F$8,MATCH($F32,'Rules of Credit'!$A$5:$A$8,0),5)),0) -> 0 | Q32: =IF(OR($H32="",$I32=""),0,IF('Tracker Summary'!$C$3<$H32,0,IF('Tracker Summary'!$C$3>=$I32,1,('Tracker Summary'!$C$3-$H32)/($I32-$H32+1)))) -> 0 | R32: =P32-Q32 -> 0 | S32: =IF($I32="","Not scheduled",IF(P32>=1,"Complete",IF('Tracker Summary'!$C$3>$I32,"Overdue",IF(P32-Q32<-0.1,"Behind",IF(AND(P32=0,'Tracker Summary'!$C$3<$H32),"Not started","On track"))))) -> Not started | U32: =IFERROR(INDEX(Schedule!$D$2:$D$147,MATCH($G32,Schedule!$A$2:$A$147,0)),"") -> Demolition & Existing Conditions — Site demolition ahead of new work | V32: =IFERROR(INDEX(Schedule!$F$2:$F$147,MATCH("02-P01",Schedule!$A$2:$A$147,0)),"") -> 45016 | W32: N | X32: N | Y32: 0 | Z32: 0 | AA32: PROPOSED-EXISTING-INFLUENT-PIPING-REMOVAL (Process & Mechanical) | AB32: #77, #163 | AC32: Inferred | AD32: 1 | AE32: C0.5 (KN 24); C3.1 (cited) | AF32: 02 41 00 | AG32: C0.5; 02 41 00 | AH32: Civil & Site
A33: Item | B33: CWP 02 | C33: PROPOSED-Asphalt pavement sawcut and removal | D33: Existing asphalt pavement — sawcut and remove (new surfacing on C2.6) | E33: Site | F33: Remove | G33: 02-C02 | H33: =IFERROR(INDEX(Schedule!$E$2:$E$147,MATCH($G33,Schedule!$A$2:$A$147,0)),"") -> 45017 | I33: =IFERROR(INDEX(Schedule!$F$2:$F$147,MATCH($G33,Schedule!$A$2:$A$147,0)),"") -> 45077 | O33: 1 | P33: =IFERROR((IF(OR(ISNUMBER(J33),UPPER(TRIM(J33))="N/A"),1,0)*IF($W33="N",0,INDEX('Rules of Credit'!$B$5:$F$8,MATCH($F33,'Rules of Credit'!$A$5:$A$8,0),1))+IF(OR(ISNUMBER(K33),UPPER(TRIM(K33))="N/A"),1,0)*INDEX('Rules of Credit'!$B$5:$F$8,MATCH($F33,'Rules of Credit'!$A$5:$A$8,0),2)+IF(OR(ISNUMBER(L33),UPPER(TRIM(L33))="N/A"),1,0)*INDEX('Rules of Credit'!$B$5:$F$8,MATCH($F33,'Rules of Credit'!$A$5:$A$8,0),3)+IF(OR(ISNUMBER(M33),UPPER(TRIM(M33))="N/A"),1,0)*IF($X33="N",0,INDEX('Rules of Credit'!$B$5:$F$8,MATCH($F33,'Rules of Credit'!$A$5:$A$8,0),4))+IF(OR(ISNUMBER(N33),UPPER(TRIM(N33))="N/A"),1,0)*INDEX('Rules of Credit'!$B$5:$F$8,MATCH($F33,'Rules of Credit'!$A$5:$A$8,0),5))/(IF($W33="N",0,INDEX('Rules of Credit'!$B$5:$F$8,MATCH($F33,'Rules of Credit'!$A$5:$A$8,0),1))+INDEX('Rules of Credit'!$B$5:$F$8,MATCH($F33,'Rules of Credit'!$A$5:$A$8,0),2)+INDEX('Rules of Credit'!$B$5:$F$8,MATCH($F33,'Rules of Credit'!$A$5:$A$8,0),3)+IF($X33="N",0,INDEX('Rules of Credit'!$B$5:$F$8,MATCH($F33,'Rules of Credit'!$A$5:$A$8,0),4))+INDEX('Rules of Credit'!$B$5:$F$8,MATCH($F33,'Rules of Credit'!$A$5:$A$8,0),5)),0) -> 0 | Q33: =IF(OR($H33="",$I33=""),0,IF('Tracker Summary'!$C$3<$H33,0,IF('Tracker Summary'!$C$3>=$I33,1,('Tracker Summary'!$C$3-$H33)/($I33-$H33+1)))) -> 0 | R33: =P33-Q33 -> 0 | S33: =IF($I33="","Not scheduled",IF(P33>=1,"Complete",IF('Tracker Summary'!$C$3>$I33,"Overdue",IF(P33-Q33<-0.1,"Behind",IF(AND(P33=0,'Tracker Summary'!$C$3<$H33),"Not started","On track"))))) -> Not started | U33: =IFERROR(INDEX(Schedule!$D$2:$D$147,MATCH($G33,Schedule!$A$2:$A$147,0)),"") -> Demolition & Existing Conditions — Site demolition ahead of new work | V33: =IFERROR(INDEX(Schedule!$F$2:$F$147,MATCH("02-P01",Schedule!$A$2:$A$147,0)),"") -> 45016 | W33: N | X33: N | Y33: 0 | Z33: 0 | AC33: Inferred | AD33: 1 | AE33: C0.5 (KN 25); C2.6 (cited by Add. 4); C2.1; C2.6 | AF33: 02 41 00; 32 12 16 | AG33: C0.5; 02 41 00; 32 12 16 | AH33: Civil & Site
A34: Item | B34: CWP 02 | C34: PROPOSED-Existing 8in slab over pre-aeration basin | D34: Existing 8-inch slab over original pre-aeration basin — saw cut, remove and dispose | E34: Site | F34: Remove | G34: 02-C02 | H34: =IFERROR(INDEX(Schedule!$E$2:$E$147,MATCH($G34,Schedule!$A$2:$A$147,0)),"") -> 45017 | I34: =IFERROR(INDEX(Schedule!$F$2:$F$147,MATCH($G34,Schedule!$A$2:$A$147,0)),"") -> 45077 | O34: 1 | P34: =IFERROR((IF(OR(ISNUMBER(J34),UPPER(TRIM(J34))="N/A"),1,0)*IF($W34="N",0,INDEX('Rules of Credit'!$B$5:$F$8,MATCH($F34,'Rules of Credit'!$A$5:$A$8,0),1))+IF(OR(ISNUMBER(K34),UPPER(TRIM(K34))="N/A"),1,0)*INDEX('Rules of Credit'!$B$5:$F$8,MATCH($F34,'Rules of Credit'!$A$5:$A$8,0),2)+IF(OR(ISNUMBER(L34),UPPER(TRIM(L34))="N/A"),1,0)*INDEX('Rules of Credit'!$B$5:$F$8,MATCH($F34,'Rules of Credit'!$A$5:$A$8,0),3)+IF(OR(ISNUMBER(M34),UPPER(TRIM(M34))="N/A"),1,0)*IF($X34="N",0,INDEX('Rules of Credit'!$B$5:$F$8,MATCH($F34,'Rules of Credit'!$A$5:$A$8,0),4))+IF(OR(ISNUMBER(N34),UPPER(TRIM(N34))="N/A"),1,0)*INDEX('Rules of Credit'!$B$5:$F$8,MATCH($F34,'Rules of Credit'!$A$5:$A$8,0),5))/(IF($W34="N",0,INDEX('Rules of Credit'!$B$5:$F$8,MATCH($F34,'Rules of Credit'!$A$5:$A$8,0),1))+INDEX('Rules of Credit'!$B$5:$F$8,MATCH($F34,'Rules of Credit'!$A$5:$A$8,0),2)+INDEX('Rules of Credit'!$B$5:$F$8,MATCH($F34,'Rules of Credit'!$A$5:$A$8,0),3)+IF($X34="N",0,INDEX('Rules of Credit'!$B$5:$F$8,MATCH($F34,'Rules of Credit'!$A$5:$A$8,0),4))+INDEX('Rules of Credit'!$B$5:$F$8,MATCH($F34,'Rules of Credit'!$A$5:$A$8,0),5)),0) -> 0 | Q34: =IF(OR($H34="",$I34=""),0,IF('Tracker Summary'!$C$3<$H34,0,IF('Tracker Summary'!$C$3>=$I34,1,('Tracker Summary'!$C$3-$H34)/($I34-$H34+1)))) -> 0 | R34: =P34-Q34 -> 0 | S34: =IF($I34="","Not scheduled",IF(P34>=1,"Complete",IF('Tracker Summary'!$C$3>$I34,"Overdue",IF(P34-Q34<-0.1,"Behind",IF(AND(P34=0,'Tracker Summary'!$C$3<$H34),"Not started","On track"))))) -> Not started | U34: =IFERROR(INDEX(Schedule!$D$2:$D$147,MATCH($G34,Schedule!$A$2:$A$147,0)),"") -> Demolition & Existing Conditions — Site demolition ahead of new work | V34: =IFERROR(INDEX(Schedule!$F$2:$F$147,MATCH("02-P01",Schedule!$A$2:$A$147,0)),"") -> 45016 | W34: N | X34: N | Y34: 0 | Z34: 0 | AC34: Inferred | AD34: 1 | AE34: C0.5 (Demo Schedule 1) | AF34: 02 41 00 | AG34: C0.5; 02 41 00 | AH34: Civil & Site
A35: Item | B35: CWP 02 | C35: PROPOSED-Existing basin internal piping | D35: Existing internal piping in existing basin — support during fill removal, then remove | E35: Site | F35: Remove | G35: 02-C02 | H35: =IFERROR(INDEX(Schedule!$E$2:$E$147,MATCH($G35,Schedule!$A$2:$A$147,0)),"") -> 45017 | I35: =IFERROR(INDEX(Schedule!$F$2:$F$147,MATCH($G35,Schedule!$A$2:$A$147,0)),"") -> 45077 | O35: 1 | P35: =IFERROR((IF(OR(ISNUMBER(J35),UPPER(TRIM(J35))="N/A"),1,0)*IF($W35="N",0,INDEX('Rules of Credit'!$B$5:$F$8,MATCH($F35,'Rules of Credit'!$A$5:$A$8,0),1))+IF(OR(ISNUMBER(K35),UPPER(TRIM(K35))="N/A"),1,0)*INDEX('Rules of Credit'!$B$5:$F$8,MATCH($F35,'Rules of Credit'!$A$5:$A$8,0),2)+IF(OR(ISNUMBER(L35),UPPER(TRIM(L35))="N/A"),1,0)*INDEX('Rules of Credit'!$B$5:$F$8,MATCH($F35,'Rules of Credit'!$A$5:$A$8,0),3)+IF(OR(ISNUMBER(M35),UPPER(TRIM(M35))="N/A"),1,0)*IF($X35="N",0,INDEX('Rules of Credit'!$B$5:$F$8,MATCH($F35,'Rules of Credit'!$A$5:$A$8,0),4))+IF(OR(ISNUMBER(N35),UPPER(TRIM(N35))="N/A"),1,0)*INDEX('Rules of Credit'!$B$5:$F$8,MATCH($F35,'Rules of Credit'!$A$5:$A$8,0),5))/(IF($W35="N",0,INDEX('Rules of Credit'!$B$5:$F$8,MATCH($F35,'Rules of Credit'!$A$5:$A$8,0),1))+INDEX('Rules of Credit'!$B$5:$F$8,MATCH($F35,'Rules of Credit'!$A$5:$A$8,0),2)+INDEX('Rules of Credit'!$B$5:$F$8,MATCH($F35,'Rules of Credit'!$A$5:$A$8,0),3)+IF($X35="N",0,INDEX('Rules of Credit'!$B$5:$F$8,MATCH($F35,'Rules of Credit'!$A$5:$A$8,0),4))+INDEX('Rules of Credit'!$B$5:$F$8,MATCH($F35,'Rules of Credit'!$A$5:$A$8,0),5)),0) -> 0 | Q35: =IF(OR($H35="",$I35=""),0,IF('Tracker Summary'!$C$3<$H35,0,IF('Tracker Summary'!$C$3>=$I35,1,('Tracker Summary'!$C$3-$H35)/($I35-$H35+1)))) -> 0 | R35: =P35-Q35 -> 0 | S35: =IF($I35="","Not scheduled",IF(P35>=1,"Complete",IF('Tracker Summary'!$C$3>$I35,"Overdue",IF(P35-Q35<-0.1,"Behind",IF(AND(P35=0,'Tracker Summary'!$C$3<$H35),"Not started","On track"))))) -> Not started | U35: =IFERROR(INDEX(Schedule!$D$2:$D$147,MATCH($G35,Schedule!$A$2:$A$147,0)),"") -> Demolition & Existing Conditions — Site demolition ahead of new work | V35: =IFERROR(INDEX(Schedule!$F$2:$F$147,MATCH("02-P01",Schedule!$A$2:$A$147,0)),"") -> 45016 | W35: N | X35: N | Y35: 0 | Z35: 0 | AC35: Inferred | AD35: 1 | AE35: C0.5 (Demo Schedule 2–3) | AF35: 02 41 00 | AG35: C0.5; 02 41 00 | AH35: Civil & Site
A36: Item | B36: CWP 02 | C36: PROPOSED-EXISTING-INFLUENT-PIPING-REMOVAL | D36: Existing influent piping conflicts at the splitter: dewater, abandon, remove | E36: Influent Flow Splitter | F36: Remove | G36: 02-C02 | H36: =IFERROR(INDEX(Schedule!$E$2:$E$147,MATCH($G36,Schedule!$A$2:$A$147,0)),"") -> 45017 | I36: =IFERROR(INDEX(Schedule!$F$2:$F$147,MATCH($G36,Schedule!$A$2:$A$147,0)),"") -> 45077 | O36: 1 | P36: =IFERROR((IF(OR(ISNUMBER(J36),UPPER(TRIM(J36))="N/A"),1,0)*IF($W36="N",0,INDEX('Rules of Credit'!$B$5:$F$8,MATCH($F36,'Rules of Credit'!$A$5:$A$8,0),1))+IF(OR(ISNUMBER(K36),UPPER(TRIM(K36))="N/A"),1,0)*INDEX('Rules of Credit'!$B$5:$F$8,MATCH($F36,'Rules of Credit'!$A$5:$A$8,0),2)+IF(OR(ISNUMBER(L36),UPPER(TRIM(L36))="N/A"),1,0)*INDEX('Rules of Credit'!$B$5:$F$8,MATCH($F36,'Rules of Credit'!$A$5:$A$8,0),3)+IF(OR(ISNUMBER(M36),UPPER(TRIM(M36))="N/A"),1,0)*IF($X36="N",0,INDEX('Rules of Credit'!$B$5:$F$8,MATCH($F36,'Rules of Credit'!$A$5:$A$8,0),4))+IF(OR(ISNUMBER(N36),UPPER(TRIM(N36))="N/A"),1,0)*INDEX('Rules of Credit'!$B$5:$F$8,MATCH($F36,'Rules of Credit'!$A$5:$A$8,0),5))/(IF($W36="N",0,INDEX('Rules of Credit'!$B$5:$F$8,MATCH($F36,'Rules of Credit'!$A$5:$A$8,0),1))+INDEX('Rules of Credit'!$B$5:$F$8,MATCH($F36,'Rules of Credit'!$A$5:$A$8,0),2)+INDEX('Rules of Credit'!$B$5:$F$8,MATCH($F36,'Rules of Credit'!$A$5:$A$8,0),3)+IF($X36="N",0,INDEX('Rules of Credit'!$B$5:$F$8,MATCH($F36,'Rules of Credit'!$A$5:$A$8,0),4))+INDEX('Rules of Credit'!$B$5:$F$8,MATCH($F36,'Rules of Credit'!$A$5:$A$8,0),5)),0) -> 0 | Q36: =IF(OR($H36="",$I36=""),0,IF('Tracker Summary'!$C$3<$H36,0,IF('Tracker Summary'!$C$3>=$I36,1,('Tracker Summary'!$C$3-$H36)/($I36-$H36+1)))) -> 0 | R36: =P36-Q36 -> 0 | S36: =IF($I36="","Not scheduled",IF(P36>=1,"Complete",IF('Tracker Summary'!$C$3>$I36,"Overdue",IF(P36-Q36<-0.1,"Behind",IF(AND(P36=0,'Tracker Summary'!$C$3<$H36),"Not started","On track"))))) -> Not started | U36: =IFERROR(INDEX(Schedule!$D$2:$D$147,MATCH($G36,Schedule!$A$2:$A$147,0)),"") -> Demolition & Existing Conditions — Site demolition ahead of new work | V36: =IFERROR(INDEX(Schedule!$F$2:$F$147,MATCH("02-P01",Schedule!$A$2:$A$147,0)),"") -> 45016 | W36: N | X36: N | Y36: 0 | Z36: 0 | AA36: PROPOSED-Existing 8in influent pipe (Civil & Site) | AB36: #77, #143, #163 | AC36: Inferred | AD36: 1 | AE36: C3.1 | AG36: C3.1 | AH36: Process & Mechanical
A37: Item | B37: CWP 02 | C37: PROPOSED-Existing holding tanks | D37: Existing holding tanks — remove and relocate on site per Owner | E37: Site | F37: Modify / connect | G37: 02-C03 | H37: =IFERROR(INDEX(Schedule!$E$2:$E$147,MATCH($G37,Schedule!$A$2:$A$147,0)),"") -> 45017 | I37: =IFERROR(INDEX(Schedule!$F$2:$F$147,MATCH($G37,Schedule!$A$2:$A$147,0)),"") -> 45231 | O37: 1 | P37: =IFERROR((IF(OR(ISNUMBER(J37),UPPER(TRIM(J37))="N/A"),1,0)*IF($W37="N",0,INDEX('Rules of Credit'!$B$5:$F$8,MATCH($F37,'Rules of Credit'!$A$5:$A$8,0),1))+IF(OR(ISNUMBER(K37),UPPER(TRIM(K37))="N/A"),1,0)*INDEX('Rules of Credit'!$B$5:$F$8,MATCH($F37,'Rules of Credit'!$A$5:$A$8,0),2)+IF(OR(ISNUMBER(L37),UPPER(TRIM(L37))="N/A"),1,0)*INDEX('Rules of Credit'!$B$5:$F$8,MATCH($F37,'Rules of Credit'!$A$5:$A$8,0),3)+IF(OR(ISNUMBER(M37),UPPER(TRIM(M37))="N/A"),1,0)*IF($X37="N",0,INDEX('Rules of Credit'!$B$5:$F$8,MATCH($F37,'Rules of Credit'!$A$5:$A$8,0),4))+IF(OR(ISNUMBER(N37),UPPER(TRIM(N37))="N/A"),1,0)*INDEX('Rules of Credit'!$B$5:$F$8,MATCH($F37,'Rules of Credit'!$A$5:$A$8,0),5))/(IF($W37="N",0,INDEX('Rules of Credit'!$B$5:$F$8,MATCH($F37,'Rules of Credit'!$A$5:$A$8,0),1))+INDEX('Rules of Credit'!$B$5:$F$8,MATCH($F37,'Rules of Credit'!$A$5:$A$8,0),2)+INDEX('Rules of Credit'!$B$5:$F$8,MATCH($F37,'Rules of Credit'!$A$5:$A$8,0),3)+IF($X37="N",0,INDEX('Rules of Credit'!$B$5:$F$8,MATCH($F37,'Rules of Credit'!$A$5:$A$8,0),4))+INDEX('Rules of Credit'!$B$5:$F$8,MATCH($F37,'Rules of Credit'!$A$5:$A$8,0),5)),0) -> 0 | Q37: =IF(OR($H37="",$I37=""),0,IF('Tracker Summary'!$C$3<$H37,0,IF('Tracker Summary'!$C$3>=$I37,1,('Tracker Summary'!$C$3-$H37)/($I37-$H37+1)))) -> 0 | R37: =P37-Q37 -> 0 | S37: =IF($I37="","Not scheduled",IF(P37>=1,"Complete",IF('Tracker Summary'!$C$3>$I37,"Overdue",IF(P37-Q37<-0.1,"Behind",IF(AND(P37=0,'Tracker Summary'!$C$3<$H37),"Not started","On track"))))) -> Not started | U37: =IFERROR(INDEX(Schedule!$D$2:$D$147,MATCH($G37,Schedule!$A$2:$A$147,0)),"") -> Demolition & Existing Conditions — Yard piping, vaults and site utilities | V37: =IFERROR(INDEX(Schedule!$F$2:$F$147,MATCH("02-P01",Schedule!$A$2:$A$147,0)),"") -> 45016 | W37: N | X37: N | Y37: 0 | Z37: 0 | AC37: Inferred | AD37: 1 | AE37: C0.5 (KN 15) | AG37: C0.5 | AH37: Civil & Site
A38: Item | B38: CWP 02 | C38: PROPOSED-Existing Train 1 influent pipe | D38: Existing Train 1 influent pipe — abandon and plug | E38: Site | F38: Modify / connect | G38: 02-C03 | H38: =IFERROR(INDEX(Schedule!$E$2:$E$147,MATCH($G38,Schedule!$A$2:$A$147,0)),"") -> 45017 | I38: =IFERROR(INDEX(Schedule!$F$2:$F$147,MATCH($G38,Schedule!$A$2:$A$147,0)),"") -> 45231 | O38: 1 | P38: =IFERROR((IF(OR(ISNUMBER(J38),UPPER(TRIM(J38))="N/A"),1,0)*IF($W38="N",0,INDEX('Rules of Credit'!$B$5:$F$8,MATCH($F38,'Rules of Credit'!$A$5:$A$8,0),1))+IF(OR(ISNUMBER(K38),UPPER(TRIM(K38))="N/A"),1,0)*INDEX('Rules of Credit'!$B$5:$F$8,MATCH($F38,'Rules of Credit'!$A$5:$A$8,0),2)+IF(OR(ISNUMBER(L38),UPPER(TRIM(L38))="N/A"),1,0)*INDEX('Rules of Credit'!$B$5:$F$8,MATCH($F38,'Rules of Credit'!$A$5:$A$8,0),3)+IF(OR(ISNUMBER(M38),UPPER(TRIM(M38))="N/A"),1,0)*IF($X38="N",0,INDEX('Rules of Credit'!$B$5:$F$8,MATCH($F38,'Rules of Credit'!$A$5:$A$8,0),4))+IF(OR(ISNUMBER(N38),UPPER(TRIM(N38))="N/A"),1,0)*INDEX('Rules of Credit'!$B$5:$F$8,MATCH($F38,'Rules of Credit'!$A$5:$A$8,0),5))/(IF($W38="N",0,INDEX('Rules of Credit'!$B$5:$F$8,MATCH($F38,'Rules of Credit'!$A$5:$A$8,0),1))+INDEX('Rules of Credit'!$B$5:$F$8,MATCH($F38,'Rules of Credit'!$A$5:$A$8,0),2)+INDEX('Rules of Credit'!$B$5:$F$8,MATCH($F38,'Rules of Credit'!$A$5:$A$8,0),3)+IF($X38="N",0,INDEX('Rules of Credit'!$B$5:$F$8,MATCH($F38,'Rules of Credit'!$A$5:$A$8,0),4))+INDEX('Rules of Credit'!$B$5:$F$8,MATCH($F38,'Rules of Credit'!$A$5:$A$8,0),5)),0) -> 0 | Q38: =IF(OR($H38="",$I38=""),0,IF('Tracker Summary'!$C$3<$H38,0,IF('Tracker Summary'!$C$3>=$I38,1,('Tracker Summary'!$C$3-$H38)/($I38-$H38+1)))) -> 0 | R38: =P38-Q38 -> 0 | S38: =IF($I38="","Not scheduled",IF(P38>=1,"Complete",IF('Tracker Summary'!$C$3>$I38,"Overdue",IF(P38-Q38<-0.1,"Behind",IF(AND(P38=0,'Tracker Summary'!$C$3<$H38),"Not started","On track"))))) -> Not started | U38: =IFERROR(INDEX(Schedule!$D$2:$D$147,MATCH($G38,Schedule!$A$2:$A$147,0)),"") -> Demolition & Existing Conditions — Yard piping, vaults and site utilities | V38: =IFERROR(INDEX(Schedule!$F$2:$F$147,MATCH("02-P01",Schedule!$A$2:$A$147,0)),"") -> 45016 | W38: N | X38: N | Y38: 0 | Z38: 0 | AC38: Inferred | AD38: 1 | AE38: C1.3 (Add. 4 p.7) KN 2 | AF38: 02 41 00 | AG38: C1.3; 02 41 00 | AH38: Civil & Site
A39: Item | B39: CWP 02 | C39: PROPOSED-Existing generator fuel tank and spill basin | D39: Existing generator fuel tank and concrete fuel spill basin — remove, restore as asphalt pavement | E39: Site | F39: Remove | G39: 02-C01 | H39: =IFERROR(INDEX(Schedule!$E$2:$E$147,MATCH($G39,Schedule!$A$2:$A$147,0)),"") -> 45413 | I39: =IFERROR(INDEX(Schedule!$F$2:$F$147,MATCH($G39,Schedule!$A$2:$A$147,0)),"") -> 45443 | O39: 1 | P39: =IFERROR((IF(OR(ISNUMBER(J39),UPPER(TRIM(J39))="N/A"),1,0)*IF($W39="N",0,INDEX('Rules of Credit'!$B$5:$F$8,MATCH($F39,'Rules of Credit'!$A$5:$A$8,0),1))+IF(OR(ISNUMBER(K39),UPPER(TRIM(K39))="N/A"),1,0)*INDEX('Rules of Credit'!$B$5:$F$8,MATCH($F39,'Rules of Credit'!$A$5:$A$8,0),2)+IF(OR(ISNUMBER(L39),UPPER(TRIM(L39))="N/A"),1,0)*INDEX('Rules of Credit'!$B$5:$F$8,MATCH($F39,'Rules of Credit'!$A$5:$A$8,0),3)+IF(OR(ISNUMBER(M39),UPPER(TRIM(M39))="N/A"),1,0)*IF($X39="N",0,INDEX('Rules of Credit'!$B$5:$F$8,MATCH($F39,'Rules of Credit'!$A$5:$A$8,0),4))+IF(OR(ISNUMBER(N39),UPPER(TRIM(N39))="N/A"),1,0)*INDEX('Rules of Credit'!$B$5:$F$8,MATCH($F39,'Rules of Credit'!$A$5:$A$8,0),5))/(IF($W39="N",0,INDEX('Rules of Credit'!$B$5:$F$8,MATCH($F39,'Rules of Credit'!$A$5:$A$8,0),1))+INDEX('Rules of Credit'!$B$5:$F$8,MATCH($F39,'Rules of Credit'!$A$5:$A$8,0),2)+INDEX('Rules of Credit'!$B$5:$F$8,MATCH($F39,'Rules of Credit'!$A$5:$A$8,0),3)+IF($X39="N",0,INDEX('Rules of Credit'!$B$5:$F$8,MATCH($F39,'Rules of Credit'!$A$5:$A$8,0),4))+INDEX('Rules of Credit'!$B$5:$F$8,MATCH($F39,'Rules of Credit'!$A$5:$A$8,0),5)),0) -> 0 | Q39: =IF(OR($H39="",$I39=""),0,IF('Tracker Summary'!$C$3<$H39,0,IF('Tracker Summary'!$C$3>=$I39,1,('Tracker Summary'!$C$3-$H39)/($I39-$H39+1)))) -> 0 | R39: =P39-Q39 -> 0 | S39: =IF($I39="","Not scheduled",IF(P39>=1,"Complete",IF('Tracker Summary'!$C$3>$I39,"Overdue",IF(P39-Q39<-0.1,"Behind",IF(AND(P39=0,'Tracker Summary'!$C$3<$H39),"Not started","On track"))))) -> Not started | U39: =IFERROR(INDEX(Schedule!$D$2:$D$147,MATCH($G39,Schedule!$A$2:$A$147,0)),"") -> Demolition & Existing Conditions — Existing generator, switchgear and fuel tank removal | V39: =IFERROR(INDEX(Schedule!$F$2:$F$147,MATCH("02-P01",Schedule!$A$2:$A$147,0)),"") -> 45016 | W39: N | X39: N | Y39: 0 | Z39: 0 | AA39: PROPOSED-Existing-Office-Louver-4x4 (Structural & Building); PROPOSED-Existing-Office-Louver-2x3 (Structural & Building); PROPOSED-Existing-Generator-Exhaust-Assembly (Structural & Building); PROPOSED-Existing-Generator-Fuel-Tank-Exhaust-Louvers (Electrical & Controls) | AB39: #28 | AC39: Inferred | AD39: 1 | AE39: C0.5 (KN 19); C0.1 | AF39: 02 41 00 | AG39: C0.5; C0.1; 02 41 00; Appendix F | AH39: Civil & Site
A40: Section | B40: CWP 03 | C40: Concrete (Cast-in-Place & Precast) | D40: =COUNTIF(A41:A70,"Item")&" items · "&COUNTIF(S41:S70,"Overdue")&" overdue · "&COUNTIF(S41:S70,"Complete")&" complete" -> 30 items · 0 overdue · 0 complete | H40: =MIN(H41:H70) -> 45017 | I40: =MAX(I41:I70) -> 45481 | O40: =SUM(O41:O70) -> 30 | P40: =IFERROR(SUMPRODUCT(O41:O70,P41:P70)/SUM(O41:O70),0) -> 0 | Q40: =IFERROR(SUMPRODUCT(O41:O70,Q41:Q70)/SUM(O41:O70),0) -> 0 | R40: =P40-Q40 -> 0
A41: Item | B41: CWP 03 | C41: PROPOSED-Blower-Building-Slab-and-Grade-Beams | D41: Blower Building concrete slab-on-grade and grade beams | E41: Blower Building | F41: Install | G41: 03-C02 | H41: =IFERROR(INDEX(Schedule!$E$2:$E$147,MATCH($G41,Schedule!$A$2:$A$147,0)),"") -> 45017 | I41: =IFERROR(INDEX(Schedule!$F$2:$F$147,MATCH($G41,Schedule!$A$2:$A$147,0)),"") -> 45138 | O41: 1 | P41: =IFERROR((IF(OR(ISNUMBER(J41),UPPER(TRIM(J41))="N/A"),1,0)*IF($W41="N",0,INDEX('Rules of Credit'!$B$5:$F$8,MATCH($F41,'Rules of Credit'!$A$5:$A$8,0),1))+IF(OR(ISNUMBER(K41),UPPER(TRIM(K41))="N/A"),1,0)*INDEX('Rules of Credit'!$B$5:$F$8,MATCH($F41,'Rules of Credit'!$A$5:$A$8,0),2)+IF(OR(ISNUMBER(L41),UPPER(TRIM(L41))="N/A"),1,0)*INDEX('Rules of Credit'!$B$5:$F$8,MATCH($F41,'Rules of Credit'!$A$5:$A$8,0),3)+IF(OR(ISNUMBER(M41),UPPER(TRIM(M41))="N/A"),1,0)*IF($X41="N",0,INDEX('Rules of Credit'!$B$5:$F$8,MATCH($F41,'Rules of Credit'!$A$5:$A$8,0),4))+IF(OR(ISNUMBER(N41),UPPER(TRIM(N41))="N/A"),1,0)*INDEX('Rules of Credit'!$B$5:$F$8,MATCH($F41,'Rules of Credit'!$A$5:$A$8,0),5))/(IF($W41="N",0,INDEX('Rules of Credit'!$B$5:$F$8,MATCH($F41,'Rules of Credit'!$A$5:$A$8,0),1))+INDEX('Rules of Credit'!$B$5:$F$8,MATCH($F41,'Rules of Credit'!$A$5:$A$8,0),2)+INDEX('Rules of Credit'!$B$5:$F$8,MATCH($F41,'Rules of Credit'!$A$5:$A$8,0),3)+IF($X41="N",0,INDEX('Rules of Credit'!$B$5:$F$8,MATCH($F41,'Rules of Credit'!$A$5:$A$8,0),4))+INDEX('Rules of Credit'!$B$5:$F$8,MATCH($F41,'Rules of Credit'!$A$5:$A$8,0),5)),0) -> 0 | Q41: =IF(OR($H41="",$I41=""),0,IF('Tracker Summary'!$C$3<$H41,0,IF('Tracker Summary'!$C$3>=$I41,1,('Tracker Summary'!$C$3-$H41)/($I41-$H41+1)))) -> 0 | R41: =P41-Q41 -> 0 | S41: =IF($I41="","Not scheduled",IF(P41>=1,"Complete",IF('Tracker Summary'!$C$3>$I41,"Overdue",IF(P41-Q41<-0.1,"Behind",IF(AND(P41=0,'Tracker Summary'!$C$3<$H41),"Not started","On track"))))) -> Not started | U41: =IFERROR(INDEX(Schedule!$D$2:$D$147,MATCH($G41,Schedule!$A$2:$A$147,0)),"") -> Concrete (Cast-in-Place & Precast) — Blower Building | V41: =IFERROR(INDEX(Schedule!$F$2:$F$147,MATCH("03-P01",Schedule!$A$2:$A$147,0)),"") -> 45016 | W41: Y | X41: Y | Y41: 6 | Z41: 3 | AC41: Inferred | AD41: 1 (Inferred per 04) | AE41: A1.1; A1.2; S1.1; S2.3; S4.1 | AF41: 03 30 00 | AG41: A1.1; A1.2; S1.1; S2.3; 03 30 00 | AH41: Structural & Building
A42: Item | B42: CWP 03 | C42: PROPOSED-Blower-Pad | D42: Concrete blower equipment pad carrying 4 blowers | E42: Blower Building | F42: Install | G42: 03-C02 | H42: =IFERROR(INDEX(Schedule!$E$2:$E$147,MATCH($G42,Schedule!$A$2:$A$147,0)),"") -> 45017 | I42: =IFERROR(INDEX(Schedule!$F$2:$F$147,MATCH($G42,Schedule!$A$2:$A$147,0)),"") -> 45138 | O42: 1 | P42: =IFERROR((IF(OR(ISNUMBER(J42),UPPER(TRIM(J42))="N/A"),1,0)*IF($W42="N",0,INDEX('Rules of Credit'!$B$5:$F$8,MATCH($F42,'Rules of Credit'!$A$5:$A$8,0),1))+IF(OR(ISNUMBER(K42),UPPER(TRIM(K42))="N/A"),1,0)*INDEX('Rules of Credit'!$B$5:$F$8,MATCH($F42,'Rules of Credit'!$A$5:$A$8,0),2)+IF(OR(ISNUMBER(L42),UPPER(TRIM(L42))="N/A"),1,0)*INDEX('Rules of Credit'!$B$5:$F$8,MATCH($F42,'Rules of Credit'!$A$5:$A$8,0),3)+IF(OR(ISNUMBER(M42),UPPER(TRIM(M42))="N/A"),1,0)*IF($X42="N",0,INDEX('Rules of Credit'!$B$5:$F$8,MATCH($F42,'Rules of Credit'!$A$5:$A$8,0),4))+IF(OR(ISNUMBER(N42),UPPER(TRIM(N42))="N/A"),1,0)*INDEX('Rules of Credit'!$B$5:$F$8,MATCH($F42,'Rules of Credit'!$A$5:$A$8,0),5))/(IF($W42="N",0,INDEX('Rules of Credit'!$B$5:$F$8,MATCH($F42,'Rules of Credit'!$A$5:$A$8,0),1))+INDEX('Rules of Credit'!$B$5:$F$8,MATCH($F42,'Rules of Credit'!$A$5:$A$8,0),2)+INDEX('Rules of Credit'!$B$5:$F$8,MATCH($F42,'Rules of Credit'!$A$5:$A$8,0),3)+IF($X42="N",0,INDEX('Rules of Credit'!$B$5:$F$8,MATCH($F42,'Rules of Credit'!$A$5:$A$8,0),4))+INDEX('Rules of Credit'!$B$5:$F$8,MATCH($F42,'Rules of Credit'!$A$5:$A$8,0),5)),0) -> 0 | Q42: =IF(OR($H42="",$I42=""),0,IF('Tracker Summary'!$C$3<$H42,0,IF('Tracker Summary'!$C$3>=$I42,1,('Tracker Summary'!$C$3-$H42)/($I42-$H42+1)))) -> 0 | R42: =P42-Q42 -> 0 | S42: =IF($I42="","Not scheduled",IF(P42>=1,"Complete",IF('Tracker Summary'!$C$3>$I42,"Overdue",IF(P42-Q42<-0.1,"Behind",IF(AND(P42=0,'Tracker Summary'!$C$3<$H42),"Not started","On track"))))) -> Not started | U42: =IFERROR(INDEX(Schedule!$D$2:$D$147,MATCH($G42,Schedule!$A$2:$A$147,0)),"") -> Concrete (Cast-in-Place & Precast) — Blower Building | V42: =IFERROR(INDEX(Schedule!$F$2:$F$147,MATCH("03-P01",Schedule!$A$2:$A$147,0)),"") -> 45016 | W42: Y | X42: Y | Y42: 5 | Z42: 3 | AB42: #233 | AC42: Inferred | AD42: 1 (Inferred per 04) | AE42: A1.1; A1.3; S1.1; S2.3 | AF42: 03 30 00 | AG42: A1.1; S1.1; S2.3; 03 30 00 | AH42: Structural & Building
A43: Item | B43: CWP 03 | C43: PROPOSED-Existing-Slab-Trench-Infill | D43: Trench cut and concrete infill in existing slab for sub-floor sludge piping (Detail 8) | E43: Not stated (existing building per C1.6A) | F43: Install | G43: 03-C05 | H43: =IFERROR(INDEX(Schedule!$E$2:$E$147,MATCH($G43,Schedule!$A$2:$A$147,0)),"") -> 45017 | I43: =IFERROR(INDEX(Schedule!$F$2:$F$147,MATCH($G43,Schedule!$A$2:$A$147,0)),"") -> 45231 | O43: 1 | P43: =IFERROR((IF(OR(ISNUMBER(J43),UPPER(TRIM(J43))="N/A"),1,0)*IF($W43="N",0,INDEX('Rules of Credit'!$B$5:$F$8,MATCH($F43,'Rules of Credit'!$A$5:$A$8,0),1))+IF(OR(ISNUMBER(K43),UPPER(TRIM(K43))="N/A"),1,0)*INDEX('Rules of Credit'!$B$5:$F$8,MATCH($F43,'Rules of Credit'!$A$5:$A$8,0),2)+IF(OR(ISNUMBER(L43),UPPER(TRIM(L43))="N/A"),1,0)*INDEX('Rules of Credit'!$B$5:$F$8,MATCH($F43,'Rules of Credit'!$A$5:$A$8,0),3)+IF(OR(ISNUMBER(M43),UPPER(TRIM(M43))="N/A"),1,0)*IF($X43="N",0,INDEX('Rules of Credit'!$B$5:$F$8,MATCH($F43,'Rules of Credit'!$A$5:$A$8,0),4))+IF(OR(ISNUMBER(N43),UPPER(TRIM(N43))="N/A"),1,0)*INDEX('Rules of Credit'!$B$5:$F$8,MATCH($F43,'Rules of Credit'!$A$5:$A$8,0),5))/(IF($W43="N",0,INDEX('Rules of Credit'!$B$5:$F$8,MATCH($F43,'Rules of Credit'!$A$5:$A$8,0),1))+INDEX('Rules of Credit'!$B$5:$F$8,MATCH($F43,'Rules of Credit'!$A$5:$A$8,0),2)+INDEX('Rules of Credit'!$B$5:$F$8,MATCH($F43,'Rules of Credit'!$A$5:$A$8,0),3)+IF($X43="N",0,INDEX('Rules of Credit'!$B$5:$F$8,MATCH($F43,'Rules of Credit'!$A$5:$A$8,0),4))+INDEX('Rules of Credit'!$B$5:$F$8,MATCH($F43,'Rules of Credit'!$A$5:$A$8,0),5)),0) -> 0 | Q43: =IF(OR($H43="",$I43=""),0,IF('Tracker Summary'!$C$3<$H43,0,IF('Tracker Summary'!$C$3>=$I43,1,('Tracker Summary'!$C$3-$H43)/($I43-$H43+1)))) -> 0 | R43: =P43-Q43 -> 0 | S43: =IF($I43="","Not scheduled",IF(P43>=1,"Complete",IF('Tracker Summary'!$C$3>$I43,"Overdue",IF(P43-Q43<-0.1,"Behind",IF(AND(P43=0,'Tracker Summary'!$C$3<$H43),"Not started","On track"))))) -> Not started | U43: =IFERROR(INDEX(Schedule!$D$2:$D$147,MATCH($G43,Schedule!$A$2:$A$147,0)),"") -> Concrete (Cast-in-Place & Precast) — Sludge pumps and valving | V43: =IFERROR(INDEX(Schedule!$F$2:$F$147,MATCH("03-P01",Schedule!$A$2:$A$147,0)),"") -> 45016 | W43: Y | X43: Y | Y43: 3 | Z43: 1 | AA43: PROPOSED-Existing slab coring and repair (Civil & Site) | AB43: #78, #238 | AC43: Inferred | AD43: 1 (Inferred per 04) | AE43: S4.1 | AF43: 03 30 00 | AG43: S4.1; 03 30 00 | AH43: Structural & Building
A44: Item | B44: CWP 03 | C44: PROPOSED-EFFLUENT-SAMPLE-SUMP | D44: Effluent sample sump (effluent sample chamber) | E44: UV Disinfection Chamber & Digester | F44: Install | G44: 03-C07 | H44: =IFERROR(INDEX(Schedule!$E$2:$E$147,MATCH($G44,Schedule!$A$2:$A$147,0)),"") -> 45017 | I44: =IFERROR(INDEX(Schedule!$F$2:$F$147,MATCH($G44,Schedule!$A$2:$A$147,0)),"") -> 45231 | O44: 1 | P44: =IFERROR((IF(OR(ISNUMBER(J44),UPPER(TRIM(J44))="N/A"),1,0)*IF($W44="N",0,INDEX('Rules of Credit'!$B$5:$F$8,MATCH($F44,'Rules of Credit'!$A$5:$A$8,0),1))+IF(OR(ISNUMBER(K44),UPPER(TRIM(K44))="N/A"),1,0)*INDEX('Rules of Credit'!$B$5:$F$8,MATCH($F44,'Rules of Credit'!$A$5:$A$8,0),2)+IF(OR(ISNUMBER(L44),UPPER(TRIM(L44))="N/A"),1,0)*INDEX('Rules of Credit'!$B$5:$F$8,MATCH($F44,'Rules of Credit'!$A$5:$A$8,0),3)+IF(OR(ISNUMBER(M44),UPPER(TRIM(M44))="N/A"),1,0)*IF($X44="N",0,INDEX('Rules of Credit'!$B$5:$F$8,MATCH($F44,'Rules of Credit'!$A$5:$A$8,0),4))+IF(OR(ISNUMBER(N44),UPPER(TRIM(N44))="N/A"),1,0)*INDEX('Rules of Credit'!$B$5:$F$8,MATCH($F44,'Rules of Credit'!$A$5:$A$8,0),5))/(IF($W44="N",0,INDEX('Rules of Credit'!$B$5:$F$8,MATCH($F44,'Rules of Credit'!$A$5:$A$8,0),1))+INDEX('Rules of Credit'!$B$5:$F$8,MATCH($F44,'Rules of Credit'!$A$5:$A$8,0),2)+INDEX('Rules of Credit'!$B$5:$F$8,MATCH($F44,'Rules of Credit'!$A$5:$A$8,0),3)+IF($X44="N",0,INDEX('Rules of Credit'!$B$5:$F$8,MATCH($F44,'Rules of Credit'!$A$5:$A$8,0),4))+INDEX('Rules of Credit'!$B$5:$F$8,MATCH($F44,'Rules of Credit'!$A$5:$A$8,0),5)),0) -> 0 | Q44: =IF(OR($H44="",$I44=""),0,IF('Tracker Summary'!$C$3<$H44,0,IF('Tracker Summary'!$C$3>=$I44,1,('Tracker Summary'!$C$3-$H44)/($I44-$H44+1)))) -> 0 | R44: =P44-Q44 -> 0 | S44: =IF($I44="","Not scheduled",IF(P44>=1,"Complete",IF('Tracker Summary'!$C$3>$I44,"Overdue",IF(P44-Q44<-0.1,"Behind",IF(AND(P44=0,'Tracker Summary'!$C$3<$H44),"Not started","On track"))))) -> Not started | U44: =IFERROR(INDEX(Schedule!$D$2:$D$147,MATCH($G44,Schedule!$A$2:$A$147,0)),"") -> Concrete (Cast-in-Place & Precast) — UV chamber and digester | V44: =IFERROR(INDEX(Schedule!$F$2:$F$147,MATCH("03-P01",Schedule!$A$2:$A$147,0)),"") -> 45016 | W44: N | X44: N | Y44: 0 | Z44: 0 | AB44: #104 | AC44: Inferred | AD44: 1 | AE44: G0.6; C5.1; C5.2; C5.3 | AG44: G0.6; C5.1; C5.2; C5.3 | AH44: Process & Mechanical
A45: Item | B45: CWP 03 | C45: PROPOSED-UV-DIGESTER-STRUCTURE | D45: UV Disinfection Chamber & Digester structure, concrete, about 45 x 13 ft: UV chamber, effluent sample chamber, aerobic digester | E45: UV Disinfection Chamber & Digester | F45: Install | G45: 03-C07 | H45: =IFERROR(INDEX(Schedule!$E$2:$E$147,MATCH($G45,Schedule!$A$2:$A$147,0)),"") -> 45017 | I45: =IFERROR(INDEX(Schedule!$F$2:$F$147,MATCH($G45,Schedule!$A$2:$A$147,0)),"") -> 45231 | O45: 1 | P45: =IFERROR((IF(OR(ISNUMBER(J45),UPPER(TRIM(J45))="N/A"),1,0)*IF($W45="N",0,INDEX('Rules of Credit'!$B$5:$F$8,MATCH($F45,'Rules of Credit'!$A$5:$A$8,0),1))+IF(OR(ISNUMBER(K45),UPPER(TRIM(K45))="N/A"),1,0)*INDEX('Rules of Credit'!$B$5:$F$8,MATCH($F45,'Rules of Credit'!$A$5:$A$8,0),2)+IF(OR(ISNUMBER(L45),UPPER(TRIM(L45))="N/A"),1,0)*INDEX('Rules of Credit'!$B$5:$F$8,MATCH($F45,'Rules of Credit'!$A$5:$A$8,0),3)+IF(OR(ISNUMBER(M45),UPPER(TRIM(M45))="N/A"),1,0)*IF($X45="N",0,INDEX('Rules of Credit'!$B$5:$F$8,MATCH($F45,'Rules of Credit'!$A$5:$A$8,0),4))+IF(OR(ISNUMBER(N45),UPPER(TRIM(N45))="N/A"),1,0)*INDEX('Rules of Credit'!$B$5:$F$8,MATCH($F45,'Rules of Credit'!$A$5:$A$8,0),5))/(IF($W45="N",0,INDEX('Rules of Credit'!$B$5:$F$8,MATCH($F45,'Rules of Credit'!$A$5:$A$8,0),1))+INDEX('Rules of Credit'!$B$5:$F$8,MATCH($F45,'Rules of Credit'!$A$5:$A$8,0),2)+INDEX('Rules of Credit'!$B$5:$F$8,MATCH($F45,'Rules of Credit'!$A$5:$A$8,0),3)+IF($X45="N",0,INDEX('Rules of Credit'!$B$5:$F$8,MATCH($F45,'Rules of Credit'!$A$5:$A$8,0),4))+INDEX('Rules of Credit'!$B$5:$F$8,MATCH($F45,'Rules of Credit'!$A$5:$A$8,0),5)),0) -> 0 | Q45: =IF(OR($H45="",$I45=""),0,IF('Tracker Summary'!$C$3<$H45,0,IF('Tracker Summary'!$C$3>=$I45,1,('Tracker Summary'!$C$3-$H45)/($I45-$H45+1)))) -> 0 | R45: =P45-Q45 -> 0 | S45: =IF($I45="","Not scheduled",IF(P45>=1,"Complete",IF('Tracker Summary'!$C$3>$I45,"Overdue",IF(P45-Q45<-0.1,"Behind",IF(AND(P45=0,'Tracker Summary'!$C$3<$H45),"Not started","On track"))))) -> Not started | U45: =IFERROR(INDEX(Schedule!$D$2:$D$147,MATCH($G45,Schedule!$A$2:$A$147,0)),"") -> Concrete (Cast-in-Place & Precast) — UV chamber and digester | V45: =IFERROR(INDEX(Schedule!$F$2:$F$147,MATCH("03-P01",Schedule!$A$2:$A$147,0)),"") -> 45016 | W45: N | X45: N | Y45: 0 | Z45: 0 | AA45: PROPOSED-Aerobic-Digester (Contract & General); PROPOSED-UV-Disinfection-Chamber (Contract & General); PROPOSED-UV-Disinfection-Chamber-Basin (Structural & Building); PROPOSED-Digester-Concrete-Tank (Structural & Building) | AB45: #56 | AC45: Unresolved | AD45: 1 | AE45: G0.5; G0.6; C5.1; C5.2; C5.3 | AG45: C5.1; G0.6; C5.2; C5.3 | AH45: Process & Mechanical
A46: Item | B46: CWP 03 | C46: PROPOSED-UV-Disinfection-Chamber-Basin | D46: UV Disinfection Chamber basin — 8 in CIP concrete walls on 12 in mat slab, with 8 in equipment support walls (4) | E46: UV Disinfection Chamber & Digester | F46: Install | G46: 03-C07 | H46: =IFERROR(INDEX(Schedule!$E$2:$E$147,MATCH($G46,Schedule!$A$2:$A$147,0)),"") -> 45017 | I46: =IFERROR(INDEX(Schedule!$F$2:$F$147,MATCH($G46,Schedule!$A$2:$A$147,0)),"") -> 45231 | O46: 1 | P46: =IFERROR((IF(OR(ISNUMBER(J46),UPPER(TRIM(J46))="N/A"),1,0)*IF($W46="N",0,INDEX('Rules of Credit'!$B$5:$F$8,MATCH($F46,'Rules of Credit'!$A$5:$A$8,0),1))+IF(OR(ISNUMBER(K46),UPPER(TRIM(K46))="N/A"),1,0)*INDEX('Rules of Credit'!$B$5:$F$8,MATCH($F46,'Rules of Credit'!$A$5:$A$8,0),2)+IF(OR(ISNUMBER(L46),UPPER(TRIM(L46))="N/A"),1,0)*INDEX('Rules of Credit'!$B$5:$F$8,MATCH($F46,'Rules of Credit'!$A$5:$A$8,0),3)+IF(OR(ISNUMBER(M46),UPPER(TRIM(M46))="N/A"),1,0)*IF($X46="N",0,INDEX('Rules of Credit'!$B$5:$F$8,MATCH($F46,'Rules of Credit'!$A$5:$A$8,0),4))+IF(OR(ISNUMBER(N46),UPPER(TRIM(N46))="N/A"),1,0)*INDEX('Rules of Credit'!$B$5:$F$8,MATCH($F46,'Rules of Credit'!$A$5:$A$8,0),5))/(IF($W46="N",0,INDEX('Rules of Credit'!$B$5:$F$8,MATCH($F46,'Rules of Credit'!$A$5:$A$8,0),1))+INDEX('Rules of Credit'!$B$5:$F$8,MATCH($F46,'Rules of Credit'!$A$5:$A$8,0),2)+INDEX('Rules of Credit'!$B$5:$F$8,MATCH($F46,'Rules of Credit'!$A$5:$A$8,0),3)+IF($X46="N",0,INDEX('Rules of Credit'!$B$5:$F$8,MATCH($F46,'Rules of Credit'!$A$5:$A$8,0),4))+INDEX('Rules of Credit'!$B$5:$F$8,MATCH($F46,'Rules of Credit'!$A$5:$A$8,0),5)),0) -> 0 | Q46: =IF(OR($H46="",$I46=""),0,IF('Tracker Summary'!$C$3<$H46,0,IF('Tracker Summary'!$C$3>=$I46,1,('Tracker Summary'!$C$3-$H46)/($I46-$H46+1)))) -> 0 | R46: =P46-Q46 -> 0 | S46: =IF($I46="","Not scheduled",IF(P46>=1,"Complete",IF('Tracker Summary'!$C$3>$I46,"Overdue",IF(P46-Q46<-0.1,"Behind",IF(AND(P46=0,'Tracker Summary'!$C$3<$H46),"Not started","On track"))))) -> Not started | U46: =IFERROR(INDEX(Schedule!$D$2:$D$147,MATCH($G46,Schedule!$A$2:$A$147,0)),"") -> Concrete (Cast-in-Place & Precast) — UV chamber and digester | V46: =IFERROR(INDEX(Schedule!$F$2:$F$147,MATCH("03-P01",Schedule!$A$2:$A$147,0)),"") -> 45016 | W46: Y | X46: Y | Y46: 6 | Z46: 2 | AA46: PROPOSED-UV-DIGESTER-STRUCTURE (Process & Mechanical); PROPOSED-Aerobic-Digester (Contract & General) | AB46: #56, #234 | AC46: Unresolved | AD46: 1 (Inferred per 04) | AE46: S2.2; S1.1; S4.1 | AF46: 03 30 00 | AG46: S2.2; S1.1; S4.1; 03 30 00 | AH46: Structural & Building
A47: Item | B47: CWP 03 | C47: PROPOSED-Digester-Concrete-Tank | D47: Digester — 12 in CIP concrete walls on 12 in mat slab with sloped unreinforced topping | E47: UV Disinfection Chamber & Digester | F47: Install | G47: 03-C07 | H47: =IFERROR(INDEX(Schedule!$E$2:$E$147,MATCH($G47,Schedule!$A$2:$A$147,0)),"") -> 45017 | I47: =IFERROR(INDEX(Schedule!$F$2:$F$147,MATCH($G47,Schedule!$A$2:$A$147,0)),"") -> 45231 | O47: 1 | P47: =IFERROR((IF(OR(ISNUMBER(J47),UPPER(TRIM(J47))="N/A"),1,0)*IF($W47="N",0,INDEX('Rules of Credit'!$B$5:$F$8,MATCH($F47,'Rules of Credit'!$A$5:$A$8,0),1))+IF(OR(ISNUMBER(K47),UPPER(TRIM(K47))="N/A"),1,0)*INDEX('Rules of Credit'!$B$5:$F$8,MATCH($F47,'Rules of Credit'!$A$5:$A$8,0),2)+IF(OR(ISNUMBER(L47),UPPER(TRIM(L47))="N/A"),1,0)*INDEX('Rules of Credit'!$B$5:$F$8,MATCH($F47,'Rules of Credit'!$A$5:$A$8,0),3)+IF(OR(ISNUMBER(M47),UPPER(TRIM(M47))="N/A"),1,0)*IF($X47="N",0,INDEX('Rules of Credit'!$B$5:$F$8,MATCH($F47,'Rules of Credit'!$A$5:$A$8,0),4))+IF(OR(ISNUMBER(N47),UPPER(TRIM(N47))="N/A"),1,0)*INDEX('Rules of Credit'!$B$5:$F$8,MATCH($F47,'Rules of Credit'!$A$5:$A$8,0),5))/(IF($W47="N",0,INDEX('Rules of Credit'!$B$5:$F$8,MATCH($F47,'Rules of Credit'!$A$5:$A$8,0),1))+INDEX('Rules of Credit'!$B$5:$F$8,MATCH($F47,'Rules of Credit'!$A$5:$A$8,0),2)+INDEX('Rules of Credit'!$B$5:$F$8,MATCH($F47,'Rules of Credit'!$A$5:$A$8,0),3)+IF($X47="N",0,INDEX('Rules of Credit'!$B$5:$F$8,MATCH($F47,'Rules of Credit'!$A$5:$A$8,0),4))+INDEX('Rules of Credit'!$B$5:$F$8,MATCH($F47,'Rules of Credit'!$A$5:$A$8,0),5)),0) -> 0 | Q47: =IF(OR($H47="",$I47=""),0,IF('Tracker Summary'!$C$3<$H47,0,IF('Tracker Summary'!$C$3>=$I47,1,('Tracker Summary'!$C$3-$H47)/($I47-$H47+1)))) -> 0 | R47: =P47-Q47 -> 0 | S47: =IF($I47="","Not scheduled",IF(P47>=1,"Complete",IF('Tracker Summary'!$C$3>$I47,"Overdue",IF(P47-Q47<-0.1,"Behind",IF(AND(P47=0,'Tracker Summary'!$C$3<$H47),"Not started","On track"))))) -> Not started | U47: =IFERROR(INDEX(Schedule!$D$2:$D$147,MATCH($G47,Schedule!$A$2:$A$147,0)),"") -> Concrete (Cast-in-Place & Precast) — UV chamber and digester | V47: =IFERROR(INDEX(Schedule!$F$2:$F$147,MATCH("03-P01",Schedule!$A$2:$A$147,0)),"") -> 45016 | W47: Y | X47: Y | Y47: 6 | Z47: 2 | AA47: PROPOSED-UV-DIGESTER-STRUCTURE (Process & Mechanical); PROPOSED-Aerobic-Digester (Contract & General); PROPOSED-UV-Disinfection-Chamber (Contract & General) | AB47: #56 | AC47: Unresolved | AD47: 1 (Inferred per 04) | AE47: S2.2; S1.1; S4.1 | AF47: 03 30 00 | AG47: S2.2; S1.1; S4.1; 03 30 00 | AH47: Structural & Building
A48: Item | B48: CWP 03 | C48: PROPOSED-Aerobic-Digester | D48: Aerobic digester | E48: UV Disinfection Chamber & Digester | F48: Install | G48: 03-C07 | H48: =IFERROR(INDEX(Schedule!$E$2:$E$147,MATCH($G48,Schedule!$A$2:$A$147,0)),"") -> 45017 | I48: =IFERROR(INDEX(Schedule!$F$2:$F$147,MATCH($G48,Schedule!$A$2:$A$147,0)),"") -> 45231 | O48: 1 | P48: =IFERROR((IF(OR(ISNUMBER(J48),UPPER(TRIM(J48))="N/A"),1,0)*IF($W48="N",0,INDEX('Rules of Credit'!$B$5:$F$8,MATCH($F48,'Rules of Credit'!$A$5:$A$8,0),1))+IF(OR(ISNUMBER(K48),UPPER(TRIM(K48))="N/A"),1,0)*INDEX('Rules of Credit'!$B$5:$F$8,MATCH($F48,'Rules of Credit'!$A$5:$A$8,0),2)+IF(OR(ISNUMBER(L48),UPPER(TRIM(L48))="N/A"),1,0)*INDEX('Rules of Credit'!$B$5:$F$8,MATCH($F48,'Rules of Credit'!$A$5:$A$8,0),3)+IF(OR(ISNUMBER(M48),UPPER(TRIM(M48))="N/A"),1,0)*IF($X48="N",0,INDEX('Rules of Credit'!$B$5:$F$8,MATCH($F48,'Rules of Credit'!$A$5:$A$8,0),4))+IF(OR(ISNUMBER(N48),UPPER(TRIM(N48))="N/A"),1,0)*INDEX('Rules of Credit'!$B$5:$F$8,MATCH($F48,'Rules of Credit'!$A$5:$A$8,0),5))/(IF($W48="N",0,INDEX('Rules of Credit'!$B$5:$F$8,MATCH($F48,'Rules of Credit'!$A$5:$A$8,0),1))+INDEX('Rules of Credit'!$B$5:$F$8,MATCH($F48,'Rules of Credit'!$A$5:$A$8,0),2)+INDEX('Rules of Credit'!$B$5:$F$8,MATCH($F48,'Rules of Credit'!$A$5:$A$8,0),3)+IF($X48="N",0,INDEX('Rules of Credit'!$B$5:$F$8,MATCH($F48,'Rules of Credit'!$A$5:$A$8,0),4))+INDEX('Rules of Credit'!$B$5:$F$8,MATCH($F48,'Rules of Credit'!$A$5:$A$8,0),5)),0) -> 0 | Q48: =IF(OR($H48="",$I48=""),0,IF('Tracker Summary'!$C$3<$H48,0,IF('Tracker Summary'!$C$3>=$I48,1,('Tracker Summary'!$C$3-$H48)/($I48-$H48+1)))) -> 0 | R48: =P48-Q48 -> 0 | S48: =IF($I48="","Not scheduled",IF(P48>=1,"Complete",IF('Tracker Summary'!$C$3>$I48,"Overdue",IF(P48-Q48<-0.1,"Behind",IF(AND(P48=0,'Tracker Summary'!$C$3<$H48),"Not started","On track"))))) -> Not started | U48: =IFERROR(INDEX(Schedule!$D$2:$D$147,MATCH($G48,Schedule!$A$2:$A$147,0)),"") -> Concrete (Cast-in-Place & Precast) — UV chamber and digester | V48: =IFERROR(INDEX(Schedule!$F$2:$F$147,MATCH("03-P01",Schedule!$A$2:$A$147,0)),"") -> 45016 | W48: N | X48: Y | Y48: 0 | Z48: 6 | AA48: PROPOSED-UV-DIGESTER-STRUCTURE (Process & Mechanical); PROPOSED-UV-Disinfection-Chamber-Basin (Structural & Building); PROPOSED-Digester-Concrete-Tank (Structural & Building) | AB48: #56, #251, #252 | AC48: Inferred | AD48: 1 | AF48: 00 24 13; 00 31 13; 00 73 00; 01 45 00; 01 50 00 | AG48: 00 24 13; 00 31 13; 00 73 00; 01 45 00; 01 50 00; CQA Plan | AH48: Contract & General
A49: Item | B49: CWP 03 | C49: PROPOSED-UV-Disinfection-Chamber | D49: UV disinfection chamber (UV channels #1 and #2) | E49: UV Disinfection Chamber & Digester | F49: Install | G49: 03-C07 | H49: =IFERROR(INDEX(Schedule!$E$2:$E$147,MATCH($G49,Schedule!$A$2:$A$147,0)),"") -> 45017 | I49: =IFERROR(INDEX(Schedule!$F$2:$F$147,MATCH($G49,Schedule!$A$2:$A$147,0)),"") -> 45231 | O49: 1 | P49: =IFERROR((IF(OR(ISNUMBER(J49),UPPER(TRIM(J49))="N/A"),1,0)*IF($W49="N",0,INDEX('Rules of Credit'!$B$5:$F$8,MATCH($F49,'Rules of Credit'!$A$5:$A$8,0),1))+IF(OR(ISNUMBER(K49),UPPER(TRIM(K49))="N/A"),1,0)*INDEX('Rules of Credit'!$B$5:$F$8,MATCH($F49,'Rules of Credit'!$A$5:$A$8,0),2)+IF(OR(ISNUMBER(L49),UPPER(TRIM(L49))="N/A"),1,0)*INDEX('Rules of Credit'!$B$5:$F$8,MATCH($F49,'Rules of Credit'!$A$5:$A$8,0),3)+IF(OR(ISNUMBER(M49),UPPER(TRIM(M49))="N/A"),1,0)*IF($X49="N",0,INDEX('Rules of Credit'!$B$5:$F$8,MATCH($F49,'Rules of Credit'!$A$5:$A$8,0),4))+IF(OR(ISNUMBER(N49),UPPER(TRIM(N49))="N/A"),1,0)*INDEX('Rules of Credit'!$B$5:$F$8,MATCH($F49,'Rules of Credit'!$A$5:$A$8,0),5))/(IF($W49="N",0,INDEX('Rules of Credit'!$B$5:$F$8,MATCH($F49,'Rules of Credit'!$A$5:$A$8,0),1))+INDEX('Rules of Credit'!$B$5:$F$8,MATCH($F49,'Rules of Credit'!$A$5:$A$8,0),2)+INDEX('Rules of Credit'!$B$5:$F$8,MATCH($F49,'Rules of Credit'!$A$5:$A$8,0),3)+IF($X49="N",0,INDEX('Rules of Credit'!$B$5:$F$8,MATCH($F49,'Rules of Credit'!$A$5:$A$8,0),4))+INDEX('Rules of Credit'!$B$5:$F$8,MATCH($F49,'Rules of Credit'!$A$5:$A$8,0),5)),0) -> 0 | Q49: =IF(OR($H49="",$I49=""),0,IF('Tracker Summary'!$C$3<$H49,0,IF('Tracker Summary'!$C$3>=$I49,1,('Tracker Summary'!$C$3-$H49)/($I49-$H49+1)))) -> 0 | R49: =P49-Q49 -> 0 | S49: =IF($I49="","Not scheduled",IF(P49>=1,"Complete",IF('Tracker Summary'!$C$3>$I49,"Overdue",IF(P49-Q49<-0.1,"Behind",IF(AND(P49=0,'Tracker Summary'!$C$3<$H49),"Not started","On track"))))) -> Not started | U49: =IFERROR(INDEX(Schedule!$D$2:$D$147,MATCH($G49,Schedule!$A$2:$A$147,0)),"") -> Concrete (Cast-in-Place & Precast) — UV chamber and digester | V49: =IFERROR(INDEX(Schedule!$F$2:$F$147,MATCH("03-P01",Schedule!$A$2:$A$147,0)),"") -> 45016 | W49: N | X49: Y | Y49: 0 | Z49: 4 | AA49: PROPOSED-UV-DIGESTER-STRUCTURE (Process & Mechanical); PROPOSED-UV-Disinfection-Chamber-Basin (Structural & Building); PROPOSED-Digester-Concrete-Tank (Structural & Building) | AB49: #56, #252 | AC49: Inferred | AD49: 1 | AF49: 00 31 13; 01 45 00; 01 50 00 | AG49: 00 31 13; 01 45 00; 01 50 00 | AH49: Contract & General
A50: Item | B50: CWP 03 | C50: PROPOSED-Existing slab coring and repair | D50: Existing building slab — core or saw cut for under-slab piping, then repair | E50: Existing building (C1.6A) | F50: Modify / connect | G50: 03-C08 | H50: =IFERROR(INDEX(Schedule!$E$2:$E$147,MATCH($G50,Schedule!$A$2:$A$147,0)),"") -> 45017 | I50: =IFERROR(INDEX(Schedule!$F$2:$F$147,MATCH($G50,Schedule!$A$2:$A$147,0)),"") -> 45231 | O50: 1 | P50: =IFERROR((IF(OR(ISNUMBER(J50),UPPER(TRIM(J50))="N/A"),1,0)*IF($W50="N",0,INDEX('Rules of Credit'!$B$5:$F$8,MATCH($F50,'Rules of Credit'!$A$5:$A$8,0),1))+IF(OR(ISNUMBER(K50),UPPER(TRIM(K50))="N/A"),1,0)*INDEX('Rules of Credit'!$B$5:$F$8,MATCH($F50,'Rules of Credit'!$A$5:$A$8,0),2)+IF(OR(ISNUMBER(L50),UPPER(TRIM(L50))="N/A"),1,0)*INDEX('Rules of Credit'!$B$5:$F$8,MATCH($F50,'Rules of Credit'!$A$5:$A$8,0),3)+IF(OR(ISNUMBER(M50),UPPER(TRIM(M50))="N/A"),1,0)*IF($X50="N",0,INDEX('Rules of Credit'!$B$5:$F$8,MATCH($F50,'Rules of Credit'!$A$5:$A$8,0),4))+IF(OR(ISNUMBER(N50),UPPER(TRIM(N50))="N/A"),1,0)*INDEX('Rules of Credit'!$B$5:$F$8,MATCH($F50,'Rules of Credit'!$A$5:$A$8,0),5))/(IF($W50="N",0,INDEX('Rules of Credit'!$B$5:$F$8,MATCH($F50,'Rules of Credit'!$A$5:$A$8,0),1))+INDEX('Rules of Credit'!$B$5:$F$8,MATCH($F50,'Rules of Credit'!$A$5:$A$8,0),2)+INDEX('Rules of Credit'!$B$5:$F$8,MATCH($F50,'Rules of Credit'!$A$5:$A$8,0),3)+IF($X50="N",0,INDEX('Rules of Credit'!$B$5:$F$8,MATCH($F50,'Rules of Credit'!$A$5:$A$8,0),4))+INDEX('Rules of Credit'!$B$5:$F$8,MATCH($F50,'Rules of Credit'!$A$5:$A$8,0),5)),0) -> 0 | Q50: =IF(OR($H50="",$I50=""),0,IF('Tracker Summary'!$C$3<$H50,0,IF('Tracker Summary'!$C$3>=$I50,1,('Tracker Summary'!$C$3-$H50)/($I50-$H50+1)))) -> 0 | R50: =P50-Q50 -> 0 | S50: =IF($I50="","Not scheduled",IF(P50>=1,"Complete",IF('Tracker Summary'!$C$3>$I50,"Overdue",IF(P50-Q50<-0.1,"Behind",IF(AND(P50=0,'Tracker Summary'!$C$3<$H50),"Not started","On track"))))) -> Not started | U50: =IFERROR(INDEX(Schedule!$D$2:$D$147,MATCH($G50,Schedule!$A$2:$A$147,0)),"") -> Concrete (Cast-in-Place & Precast) — Yard piping, vaults and site utilities | V50: =IFERROR(INDEX(Schedule!$F$2:$F$147,MATCH("03-P01",Schedule!$A$2:$A$147,0)),"") -> 45016 | W50: N | X50: N | Y50: 0 | Z50: 0 | AA50: PROPOSED-Existing-Slab-Trench-Infill (Structural & Building) | AB50: #78 | AC50: Inferred | AD50: 1 | AE50: C1.6A (Add. 4 p.8) | AG50: C1.6A | AH50: Civil & Site
A51: Item | B51: CWP 03 | C51: PROPOSED-Influent-Flow-Meter-Valve-Vault | D51: Precast vault, 4 ft x 4 ft (Oldcastle Infrastructure 4686-LA), with 36 in x 36 in H-20 single-leaf hatch (Halliday H1R3636) — Influent Flow Meter Valve Vault | E51: Site | F51: Install | G51: 03-C08 | H51: =IFERROR(INDEX(Schedule!$E$2:$E$147,MATCH($G51,Schedule!$A$2:$A$147,0)),"") -> 45017 | I51: =IFERROR(INDEX(Schedule!$F$2:$F$147,MATCH($G51,Schedule!$A$2:$A$147,0)),"") -> 45231 | O51: 1 | P51: =IFERROR((IF(OR(ISNUMBER(J51),UPPER(TRIM(J51))="N/A"),1,0)*IF($W51="N",0,INDEX('Rules of Credit'!$B$5:$F$8,MATCH($F51,'Rules of Credit'!$A$5:$A$8,0),1))+IF(OR(ISNUMBER(K51),UPPER(TRIM(K51))="N/A"),1,0)*INDEX('Rules of Credit'!$B$5:$F$8,MATCH($F51,'Rules of Credit'!$A$5:$A$8,0),2)+IF(OR(ISNUMBER(L51),UPPER(TRIM(L51))="N/A"),1,0)*INDEX('Rules of Credit'!$B$5:$F$8,MATCH($F51,'Rules of Credit'!$A$5:$A$8,0),3)+IF(OR(ISNUMBER(M51),UPPER(TRIM(M51))="N/A"),1,0)*IF($X51="N",0,INDEX('Rules of Credit'!$B$5:$F$8,MATCH($F51,'Rules of Credit'!$A$5:$A$8,0),4))+IF(OR(ISNUMBER(N51),UPPER(TRIM(N51))="N/A"),1,0)*INDEX('Rules of Credit'!$B$5:$F$8,MATCH($F51,'Rules of Credit'!$A$5:$A$8,0),5))/(IF($W51="N",0,INDEX('Rules of Credit'!$B$5:$F$8,MATCH($F51,'Rules of Credit'!$A$5:$A$8,0),1))+INDEX('Rules of Credit'!$B$5:$F$8,MATCH($F51,'Rules of Credit'!$A$5:$A$8,0),2)+INDEX('Rules of Credit'!$B$5:$F$8,MATCH($F51,'Rules of Credit'!$A$5:$A$8,0),3)+IF($X51="N",0,INDEX('Rules of Credit'!$B$5:$F$8,MATCH($F51,'Rules of Credit'!$A$5:$A$8,0),4))+INDEX('Rules of Credit'!$B$5:$F$8,MATCH($F51,'Rules of Credit'!$A$5:$A$8,0),5)),0) -> 0 | Q51: =IF(OR($H51="",$I51=""),0,IF('Tracker Summary'!$C$3<$H51,0,IF('Tracker Summary'!$C$3>=$I51,1,('Tracker Summary'!$C$3-$H51)/($I51-$H51+1)))) -> 0 | R51: =P51-Q51 -> 0 | S51: =IF($I51="","Not scheduled",IF(P51>=1,"Complete",IF('Tracker Summary'!$C$3>$I51,"Overdue",IF(P51-Q51<-0.1,"Behind",IF(AND(P51=0,'Tracker Summary'!$C$3<$H51),"Not started","On track"))))) -> Not started | U51: =IFERROR(INDEX(Schedule!$D$2:$D$147,MATCH($G51,Schedule!$A$2:$A$147,0)),"") -> Concrete (Cast-in-Place & Precast) — Yard piping, vaults and site utilities | V51: =IFERROR(INDEX(Schedule!$F$2:$F$147,MATCH("03-P01",Schedule!$A$2:$A$147,0)),"") -> 45016 | W51: Y | X51: N | Y51: 1 | Z51: 0 | AA51: PROPOSED-INFLUENT-FLOW-METER-VAULT (Process & Mechanical) | AB51: #44, #240 | AC51: Inferred | AD51: 1 (Inferred per 04) | AF51: 03 40 00 | AG51: 03 40 00 | AH51: Structural & Building
A52: Item | B52: CWP 03 | C52: PROPOSED-Effluent-Flow-Meter-Valve-Vault | D52: Precast vault, 4 ft x 4 ft (Oldcastle Infrastructure 4686-LA), with 36 in x 36 in H-20 single-leaf hatch (Halliday H1R3636) — Effluent Flow Meter Valve Vault | E52: Site | F52: Install | G52: 03-C08 | H52: =IFERROR(INDEX(Schedule!$E$2:$E$147,MATCH($G52,Schedule!$A$2:$A$147,0)),"") -> 45017 | I52: =IFERROR(INDEX(Schedule!$F$2:$F$147,MATCH($G52,Schedule!$A$2:$A$147,0)),"") -> 45231 | O52: 1 | P52: =IFERROR((IF(OR(ISNUMBER(J52),UPPER(TRIM(J52))="N/A"),1,0)*IF($W52="N",0,INDEX('Rules of Credit'!$B$5:$F$8,MATCH($F52,'Rules of Credit'!$A$5:$A$8,0),1))+IF(OR(ISNUMBER(K52),UPPER(TRIM(K52))="N/A"),1,0)*INDEX('Rules of Credit'!$B$5:$F$8,MATCH($F52,'Rules of Credit'!$A$5:$A$8,0),2)+IF(OR(ISNUMBER(L52),UPPER(TRIM(L52))="N/A"),1,0)*INDEX('Rules of Credit'!$B$5:$F$8,MATCH($F52,'Rules of Credit'!$A$5:$A$8,0),3)+IF(OR(ISNUMBER(M52),UPPER(TRIM(M52))="N/A"),1,0)*IF($X52="N",0,INDEX('Rules of Credit'!$B$5:$F$8,MATCH($F52,'Rules of Credit'!$A$5:$A$8,0),4))+IF(OR(ISNUMBER(N52),UPPER(TRIM(N52))="N/A"),1,0)*INDEX('Rules of Credit'!$B$5:$F$8,MATCH($F52,'Rules of Credit'!$A$5:$A$8,0),5))/(IF($W52="N",0,INDEX('Rules of Credit'!$B$5:$F$8,MATCH($F52,'Rules of Credit'!$A$5:$A$8,0),1))+INDEX('Rules of Credit'!$B$5:$F$8,MATCH($F52,'Rules of Credit'!$A$5:$A$8,0),2)+INDEX('Rules of Credit'!$B$5:$F$8,MATCH($F52,'Rules of Credit'!$A$5:$A$8,0),3)+IF($X52="N",0,INDEX('Rules of Credit'!$B$5:$F$8,MATCH($F52,'Rules of Credit'!$A$5:$A$8,0),4))+INDEX('Rules of Credit'!$B$5:$F$8,MATCH($F52,'Rules of Credit'!$A$5:$A$8,0),5)),0) -> 0 | Q52: =IF(OR($H52="",$I52=""),0,IF('Tracker Summary'!$C$3<$H52,0,IF('Tracker Summary'!$C$3>=$I52,1,('Tracker Summary'!$C$3-$H52)/($I52-$H52+1)))) -> 0 | R52: =P52-Q52 -> 0 | S52: =IF($I52="","Not scheduled",IF(P52>=1,"Complete",IF('Tracker Summary'!$C$3>$I52,"Overdue",IF(P52-Q52<-0.1,"Behind",IF(AND(P52=0,'Tracker Summary'!$C$3<$H52),"Not started","On track"))))) -> Not started | U52: =IFERROR(INDEX(Schedule!$D$2:$D$147,MATCH($G52,Schedule!$A$2:$A$147,0)),"") -> Concrete (Cast-in-Place & Precast) — Yard piping, vaults and site utilities | V52: =IFERROR(INDEX(Schedule!$F$2:$F$147,MATCH("03-P01",Schedule!$A$2:$A$147,0)),"") -> 45016 | W52: Y | X52: N | Y52: 1 | Z52: 0 | AB52: #240 | AC52: Inferred | AD52: 1 (Inferred per 04) | AF52: 03 40 00 | AG52: 03 40 00 | AH52: Structural & Building
A53: Item | B53: CWP 03 | C53: PROPOSED-Plants-2-and-3-Flow-Meter-Vault | D53: Precast vault, 4 ft x 4 ft (Oldcastle Infrastructure 4686-LA), with 36 in x 36 in H-20 single-leaf hatch (Halliday H1R3636) — Plants 2 & 3 Flow Meter Vault | E53: Site | F53: Install | G53: 03-C08 | H53: =IFERROR(INDEX(Schedule!$E$2:$E$147,MATCH($G53,Schedule!$A$2:$A$147,0)),"") -> 45017 | I53: =IFERROR(INDEX(Schedule!$F$2:$F$147,MATCH($G53,Schedule!$A$2:$A$147,0)),"") -> 45231 | O53: 1 | P53: =IFERROR((IF(OR(ISNUMBER(J53),UPPER(TRIM(J53))="N/A"),1,0)*IF($W53="N",0,INDEX('Rules of Credit'!$B$5:$F$8,MATCH($F53,'Rules of Credit'!$A$5:$A$8,0),1))+IF(OR(ISNUMBER(K53),UPPER(TRIM(K53))="N/A"),1,0)*INDEX('Rules of Credit'!$B$5:$F$8,MATCH($F53,'Rules of Credit'!$A$5:$A$8,0),2)+IF(OR(ISNUMBER(L53),UPPER(TRIM(L53))="N/A"),1,0)*INDEX('Rules of Credit'!$B$5:$F$8,MATCH($F53,'Rules of Credit'!$A$5:$A$8,0),3)+IF(OR(ISNUMBER(M53),UPPER(TRIM(M53))="N/A"),1,0)*IF($X53="N",0,INDEX('Rules of Credit'!$B$5:$F$8,MATCH($F53,'Rules of Credit'!$A$5:$A$8,0),4))+IF(OR(ISNUMBER(N53),UPPER(TRIM(N53))="N/A"),1,0)*INDEX('Rules of Credit'!$B$5:$F$8,MATCH($F53,'Rules of Credit'!$A$5:$A$8,0),5))/(IF($W53="N",0,INDEX('Rules of Credit'!$B$5:$F$8,MATCH($F53,'Rules of Credit'!$A$5:$A$8,0),1))+INDEX('Rules of Credit'!$B$5:$F$8,MATCH($F53,'Rules of Credit'!$A$5:$A$8,0),2)+INDEX('Rules of Credit'!$B$5:$F$8,MATCH($F53,'Rules of Credit'!$A$5:$A$8,0),3)+IF($X53="N",0,INDEX('Rules of Credit'!$B$5:$F$8,MATCH($F53,'Rules of Credit'!$A$5:$A$8,0),4))+INDEX('Rules of Credit'!$B$5:$F$8,MATCH($F53,'Rules of Credit'!$A$5:$A$8,0),5)),0) -> 0 | Q53: =IF(OR($H53="",$I53=""),0,IF('Tracker Summary'!$C$3<$H53,0,IF('Tracker Summary'!$C$3>=$I53,1,('Tracker Summary'!$C$3-$H53)/($I53-$H53+1)))) -> 0 | R53: =P53-Q53 -> 0 | S53: =IF($I53="","Not scheduled",IF(P53>=1,"Complete",IF('Tracker Summary'!$C$3>$I53,"Overdue",IF(P53-Q53<-0.1,"Behind",IF(AND(P53=0,'Tracker Summary'!$C$3<$H53),"Not started","On track"))))) -> Not started | U53: =IFERROR(INDEX(Schedule!$D$2:$D$147,MATCH($G53,Schedule!$A$2:$A$147,0)),"") -> Concrete (Cast-in-Place & Precast) — Yard piping, vaults and site utilities | V53: =IFERROR(INDEX(Schedule!$F$2:$F$147,MATCH("03-P01",Schedule!$A$2:$A$147,0)),"") -> 45016 | W53: Y | X53: N | Y53: 1 | Z53: 0 | AA53: PROPOSED-TRAIN-2-FLOW-METER-VAULT (Process & Mechanical); PROPOSED-Train 2 flow meter vault (Civil & Site); PROPOSED-Train 3 flow meter vault (Civil & Site); PROPOSED-TRAIN-3-FLOW-METER-VAULT (Process & Mechanical) | AB53: #5, #6, #240 | AC53: Inferred | AD53: 1 (Inferred per 04) | AF53: 03 40 00 | AG53: 03 40 00 | AH53: Structural & Building
A54: Item | B54: CWP 03 | C54: PROPOSED-Yard-Piping-Vaults | D54: Vaults associated with yard piping | E54: Site | F54: Install | G54: 03-C08 | H54: =IFERROR(INDEX(Schedule!$E$2:$E$147,MATCH($G54,Schedule!$A$2:$A$147,0)),"") -> 45017 | I54: =IFERROR(INDEX(Schedule!$F$2:$F$147,MATCH($G54,Schedule!$A$2:$A$147,0)),"") -> 45231 | O54: 1 | P54: =IFERROR((IF(OR(ISNUMBER(J54),UPPER(TRIM(J54))="N/A"),1,0)*IF($W54="N",0,INDEX('Rules of Credit'!$B$5:$F$8,MATCH($F54,'Rules of Credit'!$A$5:$A$8,0),1))+IF(OR(ISNUMBER(K54),UPPER(TRIM(K54))="N/A"),1,0)*INDEX('Rules of Credit'!$B$5:$F$8,MATCH($F54,'Rules of Credit'!$A$5:$A$8,0),2)+IF(OR(ISNUMBER(L54),UPPER(TRIM(L54))="N/A"),1,0)*INDEX('Rules of Credit'!$B$5:$F$8,MATCH($F54,'Rules of Credit'!$A$5:$A$8,0),3)+IF(OR(ISNUMBER(M54),UPPER(TRIM(M54))="N/A"),1,0)*IF($X54="N",0,INDEX('Rules of Credit'!$B$5:$F$8,MATCH($F54,'Rules of Credit'!$A$5:$A$8,0),4))+IF(OR(ISNUMBER(N54),UPPER(TRIM(N54))="N/A"),1,0)*INDEX('Rules of Credit'!$B$5:$F$8,MATCH($F54,'Rules of Credit'!$A$5:$A$8,0),5))/(IF($W54="N",0,INDEX('Rules of Credit'!$B$5:$F$8,MATCH($F54,'Rules of Credit'!$A$5:$A$8,0),1))+INDEX('Rules of Credit'!$B$5:$F$8,MATCH($F54,'Rules of Credit'!$A$5:$A$8,0),2)+INDEX('Rules of Credit'!$B$5:$F$8,MATCH($F54,'Rules of Credit'!$A$5:$A$8,0),3)+IF($X54="N",0,INDEX('Rules of Credit'!$B$5:$F$8,MATCH($F54,'Rules of Credit'!$A$5:$A$8,0),4))+INDEX('Rules of Credit'!$B$5:$F$8,MATCH($F54,'Rules of Credit'!$A$5:$A$8,0),5)),0) -> 0 | Q54: =IF(OR($H54="",$I54=""),0,IF('Tracker Summary'!$C$3<$H54,0,IF('Tracker Summary'!$C$3>=$I54,1,('Tracker Summary'!$C$3-$H54)/($I54-$H54+1)))) -> 0 | R54: =P54-Q54 -> 0 | S54: =IF($I54="","Not scheduled",IF(P54>=1,"Complete",IF('Tracker Summary'!$C$3>$I54,"Overdue",IF(P54-Q54<-0.1,"Behind",IF(AND(P54=0,'Tracker Summary'!$C$3<$H54),"Not started","On track"))))) -> Not started | U54: =IFERROR(INDEX(Schedule!$D$2:$D$147,MATCH($G54,Schedule!$A$2:$A$147,0)),"") -> Concrete (Cast-in-Place & Precast) — Yard piping, vaults and site utilities | V54: =IFERROR(INDEX(Schedule!$F$2:$F$147,MATCH("03-P01",Schedule!$A$2:$A$147,0)),"") -> 45016 | W54: N | X54: N | Y54: 0 | Z54: 0 | AB54: #250 | AC54: Inferred | AD54: 1 | AF54: 00 31 13 | AG54: 00 31 13 | AH54: Contract & General
A55: Item | B55: CWP 03 | C55: PROPOSED-2W-Pump-Station-Precast-Wet-Well | D55: Precast wet well, 8 ft ID (Oldcastle Infrastructure 96 in diameter), with 48 in x 30 in H-20 aluminum hatch and safety grate (LW Products HD-3C) — 2W Plant Water Pump Station | E55: 2W Pump Station | F55: Install | G55: 03-C01 | H55: =IFERROR(INDEX(Schedule!$E$2:$E$147,MATCH($G55,Schedule!$A$2:$A$147,0)),"") -> 45047 | I55: =IFERROR(INDEX(Schedule!$F$2:$F$147,MATCH($G55,Schedule!$A$2:$A$147,0)),"") -> 45217 | O55: 1 | P55: =IFERROR((IF(OR(ISNUMBER(J55),UPPER(TRIM(J55))="N/A"),1,0)*IF($W55="N",0,INDEX('Rules of Credit'!$B$5:$F$8,MATCH($F55,'Rules of Credit'!$A$5:$A$8,0),1))+IF(OR(ISNUMBER(K55),UPPER(TRIM(K55))="N/A"),1,0)*INDEX('Rules of Credit'!$B$5:$F$8,MATCH($F55,'Rules of Credit'!$A$5:$A$8,0),2)+IF(OR(ISNUMBER(L55),UPPER(TRIM(L55))="N/A"),1,0)*INDEX('Rules of Credit'!$B$5:$F$8,MATCH($F55,'Rules of Credit'!$A$5:$A$8,0),3)+IF(OR(ISNUMBER(M55),UPPER(TRIM(M55))="N/A"),1,0)*IF($X55="N",0,INDEX('Rules of Credit'!$B$5:$F$8,MATCH($F55,'Rules of Credit'!$A$5:$A$8,0),4))+IF(OR(ISNUMBER(N55),UPPER(TRIM(N55))="N/A"),1,0)*INDEX('Rules of Credit'!$B$5:$F$8,MATCH($F55,'Rules of Credit'!$A$5:$A$8,0),5))/(IF($W55="N",0,INDEX('Rules of Credit'!$B$5:$F$8,MATCH($F55,'Rules of Credit'!$A$5:$A$8,0),1))+INDEX('Rules of Credit'!$B$5:$F$8,MATCH($F55,'Rules of Credit'!$A$5:$A$8,0),2)+INDEX('Rules of Credit'!$B$5:$F$8,MATCH($F55,'Rules of Credit'!$A$5:$A$8,0),3)+IF($X55="N",0,INDEX('Rules of Credit'!$B$5:$F$8,MATCH($F55,'Rules of Credit'!$A$5:$A$8,0),4))+INDEX('Rules of Credit'!$B$5:$F$8,MATCH($F55,'Rules of Credit'!$A$5:$A$8,0),5)),0) -> 0 | Q55: =IF(OR($H55="",$I55=""),0,IF('Tracker Summary'!$C$3<$H55,0,IF('Tracker Summary'!$C$3>=$I55,1,('Tracker Summary'!$C$3-$H55)/($I55-$H55+1)))) -> 0 | R55: =P55-Q55 -> 0 | S55: =IF($I55="","Not scheduled",IF(P55>=1,"Complete",IF('Tracker Summary'!$C$3>$I55,"Overdue",IF(P55-Q55<-0.1,"Behind",IF(AND(P55=0,'Tracker Summary'!$C$3<$H55),"Not started","On track"))))) -> Not started | U55: =IFERROR(INDEX(Schedule!$D$2:$D$147,MATCH($G55,Schedule!$A$2:$A$147,0)),"") -> Concrete (Cast-in-Place & Precast) — 2W air gap water system | V55: =IFERROR(INDEX(Schedule!$F$2:$F$147,MATCH("03-P01",Schedule!$A$2:$A$147,0)),"") -> 45016 | W55: Y | X55: N | Y55: 1 | Z55: 0 | AA55: PROPOSED-2W-PUMP-STATION-WET-WELL (Process & Mechanical); PROPOSED-2W-Pump-Station-Wet-Well (Process & Mechanical) | AB55: #47, #240 | AC55: Inferred | AD55: 1 (Inferred per 04) | AF55: 03 40 00 | AG55: 03 40 00 | AH55: Structural & Building
A56: Item | B56: CWP 03 | C56: PROPOSED-FLOW-SPLITTER-SUPPORT | D56: Concrete support pad for flow splitter box, about 6.5 x 4.0 x 1.3 ft tall, top elev 26.00 | E56: Influent Flow Splitter | F56: Install | G56: 03-C04 | H56: =IFERROR(INDEX(Schedule!$E$2:$E$147,MATCH($G56,Schedule!$A$2:$A$147,0)),"") -> 45078 | I56: =IFERROR(INDEX(Schedule!$F$2:$F$147,MATCH($G56,Schedule!$A$2:$A$147,0)),"") -> 45224 | O56: 1 | P56: =IFERROR((IF(OR(ISNUMBER(J56),UPPER(TRIM(J56))="N/A"),1,0)*IF($W56="N",0,INDEX('Rules of Credit'!$B$5:$F$8,MATCH($F56,'Rules of Credit'!$A$5:$A$8,0),1))+IF(OR(ISNUMBER(K56),UPPER(TRIM(K56))="N/A"),1,0)*INDEX('Rules of Credit'!$B$5:$F$8,MATCH($F56,'Rules of Credit'!$A$5:$A$8,0),2)+IF(OR(ISNUMBER(L56),UPPER(TRIM(L56))="N/A"),1,0)*INDEX('Rules of Credit'!$B$5:$F$8,MATCH($F56,'Rules of Credit'!$A$5:$A$8,0),3)+IF(OR(ISNUMBER(M56),UPPER(TRIM(M56))="N/A"),1,0)*IF($X56="N",0,INDEX('Rules of Credit'!$B$5:$F$8,MATCH($F56,'Rules of Credit'!$A$5:$A$8,0),4))+IF(OR(ISNUMBER(N56),UPPER(TRIM(N56))="N/A"),1,0)*INDEX('Rules of Credit'!$B$5:$F$8,MATCH($F56,'Rules of Credit'!$A$5:$A$8,0),5))/(IF($W56="N",0,INDEX('Rules of Credit'!$B$5:$F$8,MATCH($F56,'Rules of Credit'!$A$5:$A$8,0),1))+INDEX('Rules of Credit'!$B$5:$F$8,MATCH($F56,'Rules of Credit'!$A$5:$A$8,0),2)+INDEX('Rules of Credit'!$B$5:$F$8,MATCH($F56,'Rules of Credit'!$A$5:$A$8,0),3)+IF($X56="N",0,INDEX('Rules of Credit'!$B$5:$F$8,MATCH($F56,'Rules of Credit'!$A$5:$A$8,0),4))+INDEX('Rules of Credit'!$B$5:$F$8,MATCH($F56,'Rules of Credit'!$A$5:$A$8,0),5)),0) -> 0 | Q56: =IF(OR($H56="",$I56=""),0,IF('Tracker Summary'!$C$3<$H56,0,IF('Tracker Summary'!$C$3>=$I56,1,('Tracker Summary'!$C$3-$H56)/($I56-$H56+1)))) -> 0 | R56: =P56-Q56 -> 0 | S56: =IF($I56="","Not scheduled",IF(P56>=1,"Complete",IF('Tracker Summary'!$C$3>$I56,"Overdue",IF(P56-Q56<-0.1,"Behind",IF(AND(P56=0,'Tracker Summary'!$C$3<$H56),"Not started","On track"))))) -> Not started | U56: =IFERROR(INDEX(Schedule!$D$2:$D$147,MATCH($G56,Schedule!$A$2:$A$147,0)),"") -> Concrete (Cast-in-Place & Precast) — Influent pump station and flow splitter | V56: =IFERROR(INDEX(Schedule!$F$2:$F$147,MATCH("03-P01",Schedule!$A$2:$A$147,0)),"") -> 45016 | W56: N | X56: N | Y56: 0 | Z56: 0 | AA56: PROPOSED-Flow-Splitter-Pad (Structural & Building) | AB56: #76, #157 | AC56: Inferred | AD56: 1 | AE56: C3.1; C3.2 | AG56: C3.1; C3.2 | AH56: Process & Mechanical
A57: Item | B57: CWP 03 | C57: PROPOSED-INFLUENT-FLOW-METER-VAULT | D57: Flow meter vault on the splitter inlet line (north) | E57: Influent Flow Splitter | F57: Install | G57: 03-C04 | H57: =IFERROR(INDEX(Schedule!$E$2:$E$147,MATCH($G57,Schedule!$A$2:$A$147,0)),"") -> 45078 | I57: =IFERROR(INDEX(Schedule!$F$2:$F$147,MATCH($G57,Schedule!$A$2:$A$147,0)),"") -> 45224 | O57: 1 | P57: =IFERROR((IF(OR(ISNUMBER(J57),UPPER(TRIM(J57))="N/A"),1,0)*IF($W57="N",0,INDEX('Rules of Credit'!$B$5:$F$8,MATCH($F57,'Rules of Credit'!$A$5:$A$8,0),1))+IF(OR(ISNUMBER(K57),UPPER(TRIM(K57))="N/A"),1,0)*INDEX('Rules of Credit'!$B$5:$F$8,MATCH($F57,'Rules of Credit'!$A$5:$A$8,0),2)+IF(OR(ISNUMBER(L57),UPPER(TRIM(L57))="N/A"),1,0)*INDEX('Rules of Credit'!$B$5:$F$8,MATCH($F57,'Rules of Credit'!$A$5:$A$8,0),3)+IF(OR(ISNUMBER(M57),UPPER(TRIM(M57))="N/A"),1,0)*IF($X57="N",0,INDEX('Rules of Credit'!$B$5:$F$8,MATCH($F57,'Rules of Credit'!$A$5:$A$8,0),4))+IF(OR(ISNUMBER(N57),UPPER(TRIM(N57))="N/A"),1,0)*INDEX('Rules of Credit'!$B$5:$F$8,MATCH($F57,'Rules of Credit'!$A$5:$A$8,0),5))/(IF($W57="N",0,INDEX('Rules of Credit'!$B$5:$F$8,MATCH($F57,'Rules of Credit'!$A$5:$A$8,0),1))+INDEX('Rules of Credit'!$B$5:$F$8,MATCH($F57,'Rules of Credit'!$A$5:$A$8,0),2)+INDEX('Rules of Credit'!$B$5:$F$8,MATCH($F57,'Rules of Credit'!$A$5:$A$8,0),3)+IF($X57="N",0,INDEX('Rules of Credit'!$B$5:$F$8,MATCH($F57,'Rules of Credit'!$A$5:$A$8,0),4))+INDEX('Rules of Credit'!$B$5:$F$8,MATCH($F57,'Rules of Credit'!$A$5:$A$8,0),5)),0) -> 0 | Q57: =IF(OR($H57="",$I57=""),0,IF('Tracker Summary'!$C$3<$H57,0,IF('Tracker Summary'!$C$3>=$I57,1,('Tracker Summary'!$C$3-$H57)/($I57-$H57+1)))) -> 0 | R57: =P57-Q57 -> 0 | S57: =IF($I57="","Not scheduled",IF(P57>=1,"Complete",IF('Tracker Summary'!$C$3>$I57,"Overdue",IF(P57-Q57<-0.1,"Behind",IF(AND(P57=0,'Tracker Summary'!$C$3<$H57),"Not started","On track"))))) -> Not started | U57: =IFERROR(INDEX(Schedule!$D$2:$D$147,MATCH($G57,Schedule!$A$2:$A$147,0)),"") -> Concrete (Cast-in-Place & Precast) — Influent pump station and flow splitter | V57: =IFERROR(INDEX(Schedule!$F$2:$F$147,MATCH("03-P01",Schedule!$A$2:$A$147,0)),"") -> 45016 | W57: N | X57: N | Y57: 0 | Z57: 0 | AA57: PROPOSED-Influent-Flow-Meter-Valve-Vault (Structural & Building) | AB57: #44 | AC57: Inferred | AD57: 1 | AE57: C3.1 | AG57: C3.1 | AH57: Process & Mechanical
A58: Item | B58: CWP 03 | C58: PROPOSED-TRAIN-2-FLOW-METER-VAULT | D58: Train 2 flow meter vault | E58: Influent Flow Splitter | F58: Install | G58: 03-C04 | H58: =IFERROR(INDEX(Schedule!$E$2:$E$147,MATCH($G58,Schedule!$A$2:$A$147,0)),"") -> 45078 | I58: =IFERROR(INDEX(Schedule!$F$2:$F$147,MATCH($G58,Schedule!$A$2:$A$147,0)),"") -> 45224 | O58: 1 | P58: =IFERROR((IF(OR(ISNUMBER(J58),UPPER(TRIM(J58))="N/A"),1,0)*IF($W58="N",0,INDEX('Rules of Credit'!$B$5:$F$8,MATCH($F58,'Rules of Credit'!$A$5:$A$8,0),1))+IF(OR(ISNUMBER(K58),UPPER(TRIM(K58))="N/A"),1,0)*INDEX('Rules of Credit'!$B$5:$F$8,MATCH($F58,'Rules of Credit'!$A$5:$A$8,0),2)+IF(OR(ISNUMBER(L58),UPPER(TRIM(L58))="N/A"),1,0)*INDEX('Rules of Credit'!$B$5:$F$8,MATCH($F58,'Rules of Credit'!$A$5:$A$8,0),3)+IF(OR(ISNUMBER(M58),UPPER(TRIM(M58))="N/A"),1,0)*IF($X58="N",0,INDEX('Rules of Credit'!$B$5:$F$8,MATCH($F58,'Rules of Credit'!$A$5:$A$8,0),4))+IF(OR(ISNUMBER(N58),UPPER(TRIM(N58))="N/A"),1,0)*INDEX('Rules of Credit'!$B$5:$F$8,MATCH($F58,'Rules of Credit'!$A$5:$A$8,0),5))/(IF($W58="N",0,INDEX('Rules of Credit'!$B$5:$F$8,MATCH($F58,'Rules of Credit'!$A$5:$A$8,0),1))+INDEX('Rules of Credit'!$B$5:$F$8,MATCH($F58,'Rules of Credit'!$A$5:$A$8,0),2)+INDEX('Rules of Credit'!$B$5:$F$8,MATCH($F58,'Rules of Credit'!$A$5:$A$8,0),3)+IF($X58="N",0,INDEX('Rules of Credit'!$B$5:$F$8,MATCH($F58,'Rules of Credit'!$A$5:$A$8,0),4))+INDEX('Rules of Credit'!$B$5:$F$8,MATCH($F58,'Rules of Credit'!$A$5:$A$8,0),5)),0) -> 0 | Q58: =IF(OR($H58="",$I58=""),0,IF('Tracker Summary'!$C$3<$H58,0,IF('Tracker Summary'!$C$3>=$I58,1,('Tracker Summary'!$C$3-$H58)/($I58-$H58+1)))) -> 0 | R58: =P58-Q58 -> 0 | S58: =IF($I58="","Not scheduled",IF(P58>=1,"Complete",IF('Tracker Summary'!$C$3>$I58,"Overdue",IF(P58-Q58<-0.1,"Behind",IF(AND(P58=0,'Tracker Summary'!$C$3<$H58),"Not started","On track"))))) -> Not started | U58: =IFERROR(INDEX(Schedule!$D$2:$D$147,MATCH($G58,Schedule!$A$2:$A$147,0)),"") -> Concrete (Cast-in-Place & Precast) — Influent pump station and flow splitter | V58: =IFERROR(INDEX(Schedule!$F$2:$F$147,MATCH("03-P01",Schedule!$A$2:$A$147,0)),"") -> 45016 | W58: N | X58: N | Y58: 0 | Z58: 0 | AA58: PROPOSED-Plants-2-and-3-Flow-Meter-Vault (Structural & Building); PROPOSED-Train 2 flow meter vault (Civil & Site) | AB58: #5 | AC58: Inferred | AD58: 1 | AE58: C3.1 | AG58: C3.1 | AH58: Process & Mechanical
A59: Item | B59: CWP 03 | C59: PROPOSED-TRAIN-3-FLOW-METER-VAULT | D59: Train 3 flow meter vault | E59: Influent Flow Splitter | F59: Install | G59: 03-C04 | H59: =IFERROR(INDEX(Schedule!$E$2:$E$147,MATCH($G59,Schedule!$A$2:$A$147,0)),"") -> 45078 | I59: =IFERROR(INDEX(Schedule!$F$2:$F$147,MATCH($G59,Schedule!$A$2:$A$147,0)),"") -> 45224 | O59: 1 | P59: =IFERROR((IF(OR(ISNUMBER(J59),UPPER(TRIM(J59))="N/A"),1,0)*IF($W59="N",0,INDEX('Rules of Credit'!$B$5:$F$8,MATCH($F59,'Rules of Credit'!$A$5:$A$8,0),1))+IF(OR(ISNUMBER(K59),UPPER(TRIM(K59))="N/A"),1,0)*INDEX('Rules of Credit'!$B$5:$F$8,MATCH($F59,'Rules of Credit'!$A$5:$A$8,0),2)+IF(OR(ISNUMBER(L59),UPPER(TRIM(L59))="N/A"),1,0)*INDEX('Rules of Credit'!$B$5:$F$8,MATCH($F59,'Rules of Credit'!$A$5:$A$8,0),3)+IF(OR(ISNUMBER(M59),UPPER(TRIM(M59))="N/A"),1,0)*IF($X59="N",0,INDEX('Rules of Credit'!$B$5:$F$8,MATCH($F59,'Rules of Credit'!$A$5:$A$8,0),4))+IF(OR(ISNUMBER(N59),UPPER(TRIM(N59))="N/A"),1,0)*INDEX('Rules of Credit'!$B$5:$F$8,MATCH($F59,'Rules of Credit'!$A$5:$A$8,0),5))/(IF($W59="N",0,INDEX('Rules of Credit'!$B$5:$F$8,MATCH($F59,'Rules of Credit'!$A$5:$A$8,0),1))+INDEX('Rules of Credit'!$B$5:$F$8,MATCH($F59,'Rules of Credit'!$A$5:$A$8,0),2)+INDEX('Rules of Credit'!$B$5:$F$8,MATCH($F59,'Rules of Credit'!$A$5:$A$8,0),3)+IF($X59="N",0,INDEX('Rules of Credit'!$B$5:$F$8,MATCH($F59,'Rules of Credit'!$A$5:$A$8,0),4))+INDEX('Rules of Credit'!$B$5:$F$8,MATCH($F59,'Rules of Credit'!$A$5:$A$8,0),5)),0) -> 0 | Q59: =IF(OR($H59="",$I59=""),0,IF('Tracker Summary'!$C$3<$H59,0,IF('Tracker Summary'!$C$3>=$I59,1,('Tracker Summary'!$C$3-$H59)/($I59-$H59+1)))) -> 0 | R59: =P59-Q59 -> 0 | S59: =IF($I59="","Not scheduled",IF(P59>=1,"Complete",IF('Tracker Summary'!$C$3>$I59,"Overdue",IF(P59-Q59<-0.1,"Behind",IF(AND(P59=0,'Tracker Summary'!$C$3<$H59),"Not started","On track"))))) -> Not started | U59: =IFERROR(INDEX(Schedule!$D$2:$D$147,MATCH($G59,Schedule!$A$2:$A$147,0)),"") -> Concrete (Cast-in-Place & Precast) — Influent pump station and flow splitter | V59: =IFERROR(INDEX(Schedule!$F$2:$F$147,MATCH("03-P01",Schedule!$A$2:$A$147,0)),"") -> 45016 | W59: N | X59: N | Y59: 0 | Z59: 0 | AA59: PROPOSED-Train 3 flow meter vault (Civil & Site); PROPOSED-Plants-2-and-3-Flow-Meter-Vault (Structural & Building) | AB59: #6 | AC59: Inferred | AD59: 1 | AE59: C3.1 | AG59: C3.1 | AH59: Process & Mechanical
A60: Item | B60: CWP 03 | C60: PROPOSED-IPS-HATCHES | D60: Influent Pump Station access hatches: 36x36-in. single leaf H-20 (Halliday H1R3636) and 30x48-in. single leaf H-20 over pumps (Halliday H1R3048) | E60: Influent Pump Station | F60: Install | G60: 03-C04 | H60: =IFERROR(INDEX(Schedule!$E$2:$E$147,MATCH($G60,Schedule!$A$2:$A$147,0)),"") -> 45078 | I60: =IFERROR(INDEX(Schedule!$F$2:$F$147,MATCH($G60,Schedule!$A$2:$A$147,0)),"") -> 45224 | O60: 1 | P60: =IFERROR((IF(OR(ISNUMBER(J60),UPPER(TRIM(J60))="N/A"),1,0)*IF($W60="N",0,INDEX('Rules of Credit'!$B$5:$F$8,MATCH($F60,'Rules of Credit'!$A$5:$A$8,0),1))+IF(OR(ISNUMBER(K60),UPPER(TRIM(K60))="N/A"),1,0)*INDEX('Rules of Credit'!$B$5:$F$8,MATCH($F60,'Rules of Credit'!$A$5:$A$8,0),2)+IF(OR(ISNUMBER(L60),UPPER(TRIM(L60))="N/A"),1,0)*INDEX('Rules of Credit'!$B$5:$F$8,MATCH($F60,'Rules of Credit'!$A$5:$A$8,0),3)+IF(OR(ISNUMBER(M60),UPPER(TRIM(M60))="N/A"),1,0)*IF($X60="N",0,INDEX('Rules of Credit'!$B$5:$F$8,MATCH($F60,'Rules of Credit'!$A$5:$A$8,0),4))+IF(OR(ISNUMBER(N60),UPPER(TRIM(N60))="N/A"),1,0)*INDEX('Rules of Credit'!$B$5:$F$8,MATCH($F60,'Rules of Credit'!$A$5:$A$8,0),5))/(IF($W60="N",0,INDEX('Rules of Credit'!$B$5:$F$8,MATCH($F60,'Rules of Credit'!$A$5:$A$8,0),1))+INDEX('Rules of Credit'!$B$5:$F$8,MATCH($F60,'Rules of Credit'!$A$5:$A$8,0),2)+INDEX('Rules of Credit'!$B$5:$F$8,MATCH($F60,'Rules of Credit'!$A$5:$A$8,0),3)+IF($X60="N",0,INDEX('Rules of Credit'!$B$5:$F$8,MATCH($F60,'Rules of Credit'!$A$5:$A$8,0),4))+INDEX('Rules of Credit'!$B$5:$F$8,MATCH($F60,'Rules of Credit'!$A$5:$A$8,0),5)),0) -> 0 | Q60: =IF(OR($H60="",$I60=""),0,IF('Tracker Summary'!$C$3<$H60,0,IF('Tracker Summary'!$C$3>=$I60,1,('Tracker Summary'!$C$3-$H60)/($I60-$H60+1)))) -> 0 | R60: =P60-Q60 -> 0 | S60: =IF($I60="","Not scheduled",IF(P60>=1,"Complete",IF('Tracker Summary'!$C$3>$I60,"Overdue",IF(P60-Q60<-0.1,"Behind",IF(AND(P60=0,'Tracker Summary'!$C$3<$H60),"Not started","On track"))))) -> Not started | U60: =IFERROR(INDEX(Schedule!$D$2:$D$147,MATCH($G60,Schedule!$A$2:$A$147,0)),"") -> Concrete (Cast-in-Place & Precast) — Influent pump station and flow splitter | V60: =IFERROR(INDEX(Schedule!$F$2:$F$147,MATCH("03-P01",Schedule!$A$2:$A$147,0)),"") -> 45016 | W60: N | X60: N | Y60: 0 | Z60: 0 | AA60: PROPOSED-Influent-Pump-Station-Precast-Wet-Well (Structural & Building); PROPOSED-Drain-Pump-Station-Hatches (Structural & Building); PROPOSED-Influent-Pump-Station-Top-Slab (Structural & Building) | AB60: #38 | AC60: Inferred | AD60: 1 | AE60: C4.1 | AG60: C4.1 | AH60: Process & Mechanical
A61: Item | B61: CWP 03 | C61: PROPOSED-Drain-Pump-Station-Lid | D61: Drain pump station lid — 16 in CIP concrete, H-20 loading, two hatch openings and center beam | E61: Drain Pump Station | F61: Install | G61: 03-C04 | H61: =IFERROR(INDEX(Schedule!$E$2:$E$147,MATCH($G61,Schedule!$A$2:$A$147,0)),"") -> 45078 | I61: =IFERROR(INDEX(Schedule!$F$2:$F$147,MATCH($G61,Schedule!$A$2:$A$147,0)),"") -> 45224 | O61: 1 | P61: =IFERROR((IF(OR(ISNUMBER(J61),UPPER(TRIM(J61))="N/A"),1,0)*IF($W61="N",0,INDEX('Rules of Credit'!$B$5:$F$8,MATCH($F61,'Rules of Credit'!$A$5:$A$8,0),1))+IF(OR(ISNUMBER(K61),UPPER(TRIM(K61))="N/A"),1,0)*INDEX('Rules of Credit'!$B$5:$F$8,MATCH($F61,'Rules of Credit'!$A$5:$A$8,0),2)+IF(OR(ISNUMBER(L61),UPPER(TRIM(L61))="N/A"),1,0)*INDEX('Rules of Credit'!$B$5:$F$8,MATCH($F61,'Rules of Credit'!$A$5:$A$8,0),3)+IF(OR(ISNUMBER(M61),UPPER(TRIM(M61))="N/A"),1,0)*IF($X61="N",0,INDEX('Rules of Credit'!$B$5:$F$8,MATCH($F61,'Rules of Credit'!$A$5:$A$8,0),4))+IF(OR(ISNUMBER(N61),UPPER(TRIM(N61))="N/A"),1,0)*INDEX('Rules of Credit'!$B$5:$F$8,MATCH($F61,'Rules of Credit'!$A$5:$A$8,0),5))/(IF($W61="N",0,INDEX('Rules of Credit'!$B$5:$F$8,MATCH($F61,'Rules of Credit'!$A$5:$A$8,0),1))+INDEX('Rules of Credit'!$B$5:$F$8,MATCH($F61,'Rules of Credit'!$A$5:$A$8,0),2)+INDEX('Rules of Credit'!$B$5:$F$8,MATCH($F61,'Rules of Credit'!$A$5:$A$8,0),3)+IF($X61="N",0,INDEX('Rules of Credit'!$B$5:$F$8,MATCH($F61,'Rules of Credit'!$A$5:$A$8,0),4))+INDEX('Rules of Credit'!$B$5:$F$8,MATCH($F61,'Rules of Credit'!$A$5:$A$8,0),5)),0) -> 0 | Q61: =IF(OR($H61="",$I61=""),0,IF('Tracker Summary'!$C$3<$H61,0,IF('Tracker Summary'!$C$3>=$I61,1,('Tracker Summary'!$C$3-$H61)/($I61-$H61+1)))) -> 0 | R61: =P61-Q61 -> 0 | S61: =IF($I61="","Not scheduled",IF(P61>=1,"Complete",IF('Tracker Summary'!$C$3>$I61,"Overdue",IF(P61-Q61<-0.1,"Behind",IF(AND(P61=0,'Tracker Summary'!$C$3<$H61),"Not started","On track"))))) -> Not started | U61: =IFERROR(INDEX(Schedule!$D$2:$D$147,MATCH($G61,Schedule!$A$2:$A$147,0)),"") -> Concrete (Cast-in-Place & Precast) — Influent pump station and flow splitter | V61: =IFERROR(INDEX(Schedule!$F$2:$F$147,MATCH("03-P01",Schedule!$A$2:$A$147,0)),"") -> 45016 | W61: Y | X61: Y | Y61: 4 | Z61: 2 | AC61: Unresolved | AD61: 1 (Inferred per 04) | AE61: S2.4; S1.1 | AF61: 03 30 00 | AG61: S2.4; S1.1; 03 30 00 | AH61: Structural & Building
A62: Item | B62: CWP 03 | C62: PROPOSED-Drain-Pump-Station-Precast-Wet-Well | D62: Precast concrete wet well, 8 ft min., 96 in I.D. — per civil | E62: Drain Pump Station | F62: Install | G62: 03-C04 | H62: =IFERROR(INDEX(Schedule!$E$2:$E$147,MATCH($G62,Schedule!$A$2:$A$147,0)),"") -> 45078 | I62: =IFERROR(INDEX(Schedule!$F$2:$F$147,MATCH($G62,Schedule!$A$2:$A$147,0)),"") -> 45224 | O62: 1 | P62: =IFERROR((IF(OR(ISNUMBER(J62),UPPER(TRIM(J62))="N/A"),1,0)*IF($W62="N",0,INDEX('Rules of Credit'!$B$5:$F$8,MATCH($F62,'Rules of Credit'!$A$5:$A$8,0),1))+IF(OR(ISNUMBER(K62),UPPER(TRIM(K62))="N/A"),1,0)*INDEX('Rules of Credit'!$B$5:$F$8,MATCH($F62,'Rules of Credit'!$A$5:$A$8,0),2)+IF(OR(ISNUMBER(L62),UPPER(TRIM(L62))="N/A"),1,0)*INDEX('Rules of Credit'!$B$5:$F$8,MATCH($F62,'Rules of Credit'!$A$5:$A$8,0),3)+IF(OR(ISNUMBER(M62),UPPER(TRIM(M62))="N/A"),1,0)*IF($X62="N",0,INDEX('Rules of Credit'!$B$5:$F$8,MATCH($F62,'Rules of Credit'!$A$5:$A$8,0),4))+IF(OR(ISNUMBER(N62),UPPER(TRIM(N62))="N/A"),1,0)*INDEX('Rules of Credit'!$B$5:$F$8,MATCH($F62,'Rules of Credit'!$A$5:$A$8,0),5))/(IF($W62="N",0,INDEX('Rules of Credit'!$B$5:$F$8,MATCH($F62,'Rules of Credit'!$A$5:$A$8,0),1))+INDEX('Rules of Credit'!$B$5:$F$8,MATCH($F62,'Rules of Credit'!$A$5:$A$8,0),2)+INDEX('Rules of Credit'!$B$5:$F$8,MATCH($F62,'Rules of Credit'!$A$5:$A$8,0),3)+IF($X62="N",0,INDEX('Rules of Credit'!$B$5:$F$8,MATCH($F62,'Rules of Credit'!$A$5:$A$8,0),4))+INDEX('Rules of Credit'!$B$5:$F$8,MATCH($F62,'Rules of Credit'!$A$5:$A$8,0),5)),0) -> 0 | Q62: =IF(OR($H62="",$I62=""),0,IF('Tracker Summary'!$C$3<$H62,0,IF('Tracker Summary'!$C$3>=$I62,1,('Tracker Summary'!$C$3-$H62)/($I62-$H62+1)))) -> 0 | R62: =P62-Q62 -> 0 | S62: =IF($I62="","Not scheduled",IF(P62>=1,"Complete",IF('Tracker Summary'!$C$3>$I62,"Overdue",IF(P62-Q62<-0.1,"Behind",IF(AND(P62=0,'Tracker Summary'!$C$3<$H62),"Not started","On track"))))) -> Not started | U62: =IFERROR(INDEX(Schedule!$D$2:$D$147,MATCH($G62,Schedule!$A$2:$A$147,0)),"") -> Concrete (Cast-in-Place & Precast) — Influent pump station and flow splitter | V62: =IFERROR(INDEX(Schedule!$F$2:$F$147,MATCH("03-P01",Schedule!$A$2:$A$147,0)),"") -> 45016 | W62: Y | X62: N | Y62: 2 | Z62: 0 | AB62: #235 | AC62: Unresolved | AD62: 1 (Inferred per 04) | AE62: S2.4 | AF62: 03 40 00 | AG62: S2.4; 03 40 00 | AH62: Structural & Building
A63: Item | B63: CWP 03 | C63: PROPOSED-Drain-Pump-Station-Hatches | D63: Access hatches (2), 2 ft-6 in x 4 ft-0 in rough openings, in the drain pump station lid — per civil | E63: Drain Pump Station | F63: Install | G63: 03-C04 | H63: =IFERROR(INDEX(Schedule!$E$2:$E$147,MATCH($G63,Schedule!$A$2:$A$147,0)),"") -> 45078 | I63: =IFERROR(INDEX(Schedule!$F$2:$F$147,MATCH($G63,Schedule!$A$2:$A$147,0)),"") -> 45224 | O63: 1 | P63: =IFERROR((IF(OR(ISNUMBER(J63),UPPER(TRIM(J63))="N/A"),1,0)*IF($W63="N",0,INDEX('Rules of Credit'!$B$5:$F$8,MATCH($F63,'Rules of Credit'!$A$5:$A$8,0),1))+IF(OR(ISNUMBER(K63),UPPER(TRIM(K63))="N/A"),1,0)*INDEX('Rules of Credit'!$B$5:$F$8,MATCH($F63,'Rules of Credit'!$A$5:$A$8,0),2)+IF(OR(ISNUMBER(L63),UPPER(TRIM(L63))="N/A"),1,0)*INDEX('Rules of Credit'!$B$5:$F$8,MATCH($F63,'Rules of Credit'!$A$5:$A$8,0),3)+IF(OR(ISNUMBER(M63),UPPER(TRIM(M63))="N/A"),1,0)*IF($X63="N",0,INDEX('Rules of Credit'!$B$5:$F$8,MATCH($F63,'Rules of Credit'!$A$5:$A$8,0),4))+IF(OR(ISNUMBER(N63),UPPER(TRIM(N63))="N/A"),1,0)*INDEX('Rules of Credit'!$B$5:$F$8,MATCH($F63,'Rules of Credit'!$A$5:$A$8,0),5))/(IF($W63="N",0,INDEX('Rules of Credit'!$B$5:$F$8,MATCH($F63,'Rules of Credit'!$A$5:$A$8,0),1))+INDEX('Rules of Credit'!$B$5:$F$8,MATCH($F63,'Rules of Credit'!$A$5:$A$8,0),2)+INDEX('Rules of Credit'!$B$5:$F$8,MATCH($F63,'Rules of Credit'!$A$5:$A$8,0),3)+IF($X63="N",0,INDEX('Rules of Credit'!$B$5:$F$8,MATCH($F63,'Rules of Credit'!$A$5:$A$8,0),4))+INDEX('Rules of Credit'!$B$5:$F$8,MATCH($F63,'Rules of Credit'!$A$5:$A$8,0),5)),0) -> 0 | Q63: =IF(OR($H63="",$I63=""),0,IF('Tracker Summary'!$C$3<$H63,0,IF('Tracker Summary'!$C$3>=$I63,1,('Tracker Summary'!$C$3-$H63)/($I63-$H63+1)))) -> 0 | R63: =P63-Q63 -> 0 | S63: =IF($I63="","Not scheduled",IF(P63>=1,"Complete",IF('Tracker Summary'!$C$3>$I63,"Overdue",IF(P63-Q63<-0.1,"Behind",IF(AND(P63=0,'Tracker Summary'!$C$3<$H63),"Not started","On track"))))) -> Not started | U63: =IFERROR(INDEX(Schedule!$D$2:$D$147,MATCH($G63,Schedule!$A$2:$A$147,0)),"") -> Concrete (Cast-in-Place & Precast) — Influent pump station and flow splitter | V63: =IFERROR(INDEX(Schedule!$F$2:$F$147,MATCH("03-P01",Schedule!$A$2:$A$147,0)),"") -> 45016 | W63: Not stated | X63: Not stated | Y63: 0 | Z63: 0 | AA63: PROPOSED-IPS-HATCHES (Process & Mechanical) | AB63: #38, #235 | AC63: Inferred | AD63: 1 (Inferred per 04) | AE63: S2.4 | AG63: S2.4 | AH63: Structural & Building
A64: Item | B64: CWP 03 | C64: PROPOSED-Flow-Splitter-Pad | D64: Concrete equipment pad for the flow splitter, on the existing equipment slab-on-grade | E64: Flow Splitter | F64: Install | G64: 03-C04 | H64: =IFERROR(INDEX(Schedule!$E$2:$E$147,MATCH($G64,Schedule!$A$2:$A$147,0)),"") -> 45078 | I64: =IFERROR(INDEX(Schedule!$F$2:$F$147,MATCH($G64,Schedule!$A$2:$A$147,0)),"") -> 45224 | O64: 1 | P64: =IFERROR((IF(OR(ISNUMBER(J64),UPPER(TRIM(J64))="N/A"),1,0)*IF($W64="N",0,INDEX('Rules of Credit'!$B$5:$F$8,MATCH($F64,'Rules of Credit'!$A$5:$A$8,0),1))+IF(OR(ISNUMBER(K64),UPPER(TRIM(K64))="N/A"),1,0)*INDEX('Rules of Credit'!$B$5:$F$8,MATCH($F64,'Rules of Credit'!$A$5:$A$8,0),2)+IF(OR(ISNUMBER(L64),UPPER(TRIM(L64))="N/A"),1,0)*INDEX('Rules of Credit'!$B$5:$F$8,MATCH($F64,'Rules of Credit'!$A$5:$A$8,0),3)+IF(OR(ISNUMBER(M64),UPPER(TRIM(M64))="N/A"),1,0)*IF($X64="N",0,INDEX('Rules of Credit'!$B$5:$F$8,MATCH($F64,'Rules of Credit'!$A$5:$A$8,0),4))+IF(OR(ISNUMBER(N64),UPPER(TRIM(N64))="N/A"),1,0)*INDEX('Rules of Credit'!$B$5:$F$8,MATCH($F64,'Rules of Credit'!$A$5:$A$8,0),5))/(IF($W64="N",0,INDEX('Rules of Credit'!$B$5:$F$8,MATCH($F64,'Rules of Credit'!$A$5:$A$8,0),1))+INDEX('Rules of Credit'!$B$5:$F$8,MATCH($F64,'Rules of Credit'!$A$5:$A$8,0),2)+INDEX('Rules of Credit'!$B$5:$F$8,MATCH($F64,'Rules of Credit'!$A$5:$A$8,0),3)+IF($X64="N",0,INDEX('Rules of Credit'!$B$5:$F$8,MATCH($F64,'Rules of Credit'!$A$5:$A$8,0),4))+INDEX('Rules of Credit'!$B$5:$F$8,MATCH($F64,'Rules of Credit'!$A$5:$A$8,0),5)),0) -> 0 | Q64: =IF(OR($H64="",$I64=""),0,IF('Tracker Summary'!$C$3<$H64,0,IF('Tracker Summary'!$C$3>=$I64,1,('Tracker Summary'!$C$3-$H64)/($I64-$H64+1)))) -> 0 | R64: =P64-Q64 -> 0 | S64: =IF($I64="","Not scheduled",IF(P64>=1,"Complete",IF('Tracker Summary'!$C$3>$I64,"Overdue",IF(P64-Q64<-0.1,"Behind",IF(AND(P64=0,'Tracker Summary'!$C$3<$H64),"Not started","On track"))))) -> Not started | U64: =IFERROR(INDEX(Schedule!$D$2:$D$147,MATCH($G64,Schedule!$A$2:$A$147,0)),"") -> Concrete (Cast-in-Place & Precast) — Influent pump station and flow splitter | V64: =IFERROR(INDEX(Schedule!$F$2:$F$147,MATCH("03-P01",Schedule!$A$2:$A$147,0)),"") -> 45016 | W64: Y | X64: Y | Y64: 3 | Z64: 1 | AA64: PROPOSED-FLOW-SPLITTER-SUPPORT (Process & Mechanical) | AB64: #76, #157 | AC64: Inferred | AD64: 1 (Inferred per 04) | AE64: S2.4 | AF64: 03 30 00 | AG64: S2.4; 03 30 00 | AH64: Structural & Building
A65: Item | B65: CWP 03 | C65: PROPOSED-Influent-Pump-Station-Precast-Wet-Well | D65: Precast wet well, 8 ft ID (Oldcastle Infrastructure 96 in diameter), with 48 in x 30 in H-20 aluminum hatch and safety grate (LW Products HD-3C) — Influent Pump Station | E65: Influent Pump Station | F65: Install | G65: 03-C04 | H65: =IFERROR(INDEX(Schedule!$E$2:$E$147,MATCH($G65,Schedule!$A$2:$A$147,0)),"") -> 45078 | I65: =IFERROR(INDEX(Schedule!$F$2:$F$147,MATCH($G65,Schedule!$A$2:$A$147,0)),"") -> 45224 | O65: 1 | P65: =IFERROR((IF(OR(ISNUMBER(J65),UPPER(TRIM(J65))="N/A"),1,0)*IF($W65="N",0,INDEX('Rules of Credit'!$B$5:$F$8,MATCH($F65,'Rules of Credit'!$A$5:$A$8,0),1))+IF(OR(ISNUMBER(K65),UPPER(TRIM(K65))="N/A"),1,0)*INDEX('Rules of Credit'!$B$5:$F$8,MATCH($F65,'Rules of Credit'!$A$5:$A$8,0),2)+IF(OR(ISNUMBER(L65),UPPER(TRIM(L65))="N/A"),1,0)*INDEX('Rules of Credit'!$B$5:$F$8,MATCH($F65,'Rules of Credit'!$A$5:$A$8,0),3)+IF(OR(ISNUMBER(M65),UPPER(TRIM(M65))="N/A"),1,0)*IF($X65="N",0,INDEX('Rules of Credit'!$B$5:$F$8,MATCH($F65,'Rules of Credit'!$A$5:$A$8,0),4))+IF(OR(ISNUMBER(N65),UPPER(TRIM(N65))="N/A"),1,0)*INDEX('Rules of Credit'!$B$5:$F$8,MATCH($F65,'Rules of Credit'!$A$5:$A$8,0),5))/(IF($W65="N",0,INDEX('Rules of Credit'!$B$5:$F$8,MATCH($F65,'Rules of Credit'!$A$5:$A$8,0),1))+INDEX('Rules of Credit'!$B$5:$F$8,MATCH($F65,'Rules of Credit'!$A$5:$A$8,0),2)+INDEX('Rules of Credit'!$B$5:$F$8,MATCH($F65,'Rules of Credit'!$A$5:$A$8,0),3)+IF($X65="N",0,INDEX('Rules of Credit'!$B$5:$F$8,MATCH($F65,'Rules of Credit'!$A$5:$A$8,0),4))+INDEX('Rules of Credit'!$B$5:$F$8,MATCH($F65,'Rules of Credit'!$A$5:$A$8,0),5)),0) -> 0 | Q65: =IF(OR($H65="",$I65=""),0,IF('Tracker Summary'!$C$3<$H65,0,IF('Tracker Summary'!$C$3>=$I65,1,('Tracker Summary'!$C$3-$H65)/($I65-$H65+1)))) -> 0 | R65: =P65-Q65 -> 0 | S65: =IF($I65="","Not scheduled",IF(P65>=1,"Complete",IF('Tracker Summary'!$C$3>$I65,"Overdue",IF(P65-Q65<-0.1,"Behind",IF(AND(P65=0,'Tracker Summary'!$C$3<$H65),"Not started","On track"))))) -> Not started | U65: =IFERROR(INDEX(Schedule!$D$2:$D$147,MATCH($G65,Schedule!$A$2:$A$147,0)),"") -> Concrete (Cast-in-Place & Precast) — Influent pump station and flow splitter | V65: =IFERROR(INDEX(Schedule!$F$2:$F$147,MATCH("03-P01",Schedule!$A$2:$A$147,0)),"") -> 45016 | W65: Y | X65: N | Y65: 1 | Z65: 0 | AA65: PROPOSED-INFLUENT-PUMP-STATION-WET-WELL (Process & Mechanical); PROPOSED-IPS-HATCHES (Process & Mechanical) | AB65: #37, #38, #240 | AC65: Unresolved | AD65: 1 (Inferred per 04) | AF65: 03 40 00 | AG65: 03 40 00 | AH65: Structural & Building
A66: Item | B66: CWP 03 | C66: PROPOSED-Influent-Pump-Station-Top-Slab | D66: Influent Pump Station top slab per Contract Plan details, with new aluminum access hatch and safety grates | E66: Influent Pump Station | F66: Install | G66: 03-C04 | H66: =IFERROR(INDEX(Schedule!$E$2:$E$147,MATCH($G66,Schedule!$A$2:$A$147,0)),"") -> 45078 | I66: =IFERROR(INDEX(Schedule!$F$2:$F$147,MATCH($G66,Schedule!$A$2:$A$147,0)),"") -> 45224 | O66: 1 | P66: =IFERROR((IF(OR(ISNUMBER(J66),UPPER(TRIM(J66))="N/A"),1,0)*IF($W66="N",0,INDEX('Rules of Credit'!$B$5:$F$8,MATCH($F66,'Rules of Credit'!$A$5:$A$8,0),1))+IF(OR(ISNUMBER(K66),UPPER(TRIM(K66))="N/A"),1,0)*INDEX('Rules of Credit'!$B$5:$F$8,MATCH($F66,'Rules of Credit'!$A$5:$A$8,0),2)+IF(OR(ISNUMBER(L66),UPPER(TRIM(L66))="N/A"),1,0)*INDEX('Rules of Credit'!$B$5:$F$8,MATCH($F66,'Rules of Credit'!$A$5:$A$8,0),3)+IF(OR(ISNUMBER(M66),UPPER(TRIM(M66))="N/A"),1,0)*IF($X66="N",0,INDEX('Rules of Credit'!$B$5:$F$8,MATCH($F66,'Rules of Credit'!$A$5:$A$8,0),4))+IF(OR(ISNUMBER(N66),UPPER(TRIM(N66))="N/A"),1,0)*INDEX('Rules of Credit'!$B$5:$F$8,MATCH($F66,'Rules of Credit'!$A$5:$A$8,0),5))/(IF($W66="N",0,INDEX('Rules of Credit'!$B$5:$F$8,MATCH($F66,'Rules of Credit'!$A$5:$A$8,0),1))+INDEX('Rules of Credit'!$B$5:$F$8,MATCH($F66,'Rules of Credit'!$A$5:$A$8,0),2)+INDEX('Rules of Credit'!$B$5:$F$8,MATCH($F66,'Rules of Credit'!$A$5:$A$8,0),3)+IF($X66="N",0,INDEX('Rules of Credit'!$B$5:$F$8,MATCH($F66,'Rules of Credit'!$A$5:$A$8,0),4))+INDEX('Rules of Credit'!$B$5:$F$8,MATCH($F66,'Rules of Credit'!$A$5:$A$8,0),5)),0) -> 0 | Q66: =IF(OR($H66="",$I66=""),0,IF('Tracker Summary'!$C$3<$H66,0,IF('Tracker Summary'!$C$3>=$I66,1,('Tracker Summary'!$C$3-$H66)/($I66-$H66+1)))) -> 0 | R66: =P66-Q66 -> 0 | S66: =IF($I66="","Not scheduled",IF(P66>=1,"Complete",IF('Tracker Summary'!$C$3>$I66,"Overdue",IF(P66-Q66<-0.1,"Behind",IF(AND(P66=0,'Tracker Summary'!$C$3<$H66),"Not started","On track"))))) -> Not started | U66: =IFERROR(INDEX(Schedule!$D$2:$D$147,MATCH($G66,Schedule!$A$2:$A$147,0)),"") -> Concrete (Cast-in-Place & Precast) — Influent pump station and flow splitter | V66: =IFERROR(INDEX(Schedule!$F$2:$F$147,MATCH("03-P01",Schedule!$A$2:$A$147,0)),"") -> 45016 | W66: Y | X66: N | Y66: 1 | Z66: 0 | AA66: PROPOSED-IPS-HATCHES (Process & Mechanical) | AB66: #38, #240 | AC66: Unresolved | AD66: 1 (Inferred per 04) | AF66: 03 40 00 | AG66: 03 40 00 | AH66: Structural & Building
A67: Item | B67: CWP 03 | C67: PROPOSED-Influent-Pump-Station-Meter-Vaults | D67: Precast vaults, 4 ft x 4 ft (Oldcastle Infrastructure 4686-LA), with 36 in x 36 in H-20 single-leaf hatches (Halliday H1R3636) — Influent Pump Station Meter Vaults, quantity not stated | E67: Influent Pump Station | F67: Install | G67: 03-C04 | H67: =IFERROR(INDEX(Schedule!$E$2:$E$147,MATCH($G67,Schedule!$A$2:$A$147,0)),"") -> 45078 | I67: =IFERROR(INDEX(Schedule!$F$2:$F$147,MATCH($G67,Schedule!$A$2:$A$147,0)),"") -> 45224 | O67: 1 | P67: =IFERROR((IF(OR(ISNUMBER(J67),UPPER(TRIM(J67))="N/A"),1,0)*IF($W67="N",0,INDEX('Rules of Credit'!$B$5:$F$8,MATCH($F67,'Rules of Credit'!$A$5:$A$8,0),1))+IF(OR(ISNUMBER(K67),UPPER(TRIM(K67))="N/A"),1,0)*INDEX('Rules of Credit'!$B$5:$F$8,MATCH($F67,'Rules of Credit'!$A$5:$A$8,0),2)+IF(OR(ISNUMBER(L67),UPPER(TRIM(L67))="N/A"),1,0)*INDEX('Rules of Credit'!$B$5:$F$8,MATCH($F67,'Rules of Credit'!$A$5:$A$8,0),3)+IF(OR(ISNUMBER(M67),UPPER(TRIM(M67))="N/A"),1,0)*IF($X67="N",0,INDEX('Rules of Credit'!$B$5:$F$8,MATCH($F67,'Rules of Credit'!$A$5:$A$8,0),4))+IF(OR(ISNUMBER(N67),UPPER(TRIM(N67))="N/A"),1,0)*INDEX('Rules of Credit'!$B$5:$F$8,MATCH($F67,'Rules of Credit'!$A$5:$A$8,0),5))/(IF($W67="N",0,INDEX('Rules of Credit'!$B$5:$F$8,MATCH($F67,'Rules of Credit'!$A$5:$A$8,0),1))+INDEX('Rules of Credit'!$B$5:$F$8,MATCH($F67,'Rules of Credit'!$A$5:$A$8,0),2)+INDEX('Rules of Credit'!$B$5:$F$8,MATCH($F67,'Rules of Credit'!$A$5:$A$8,0),3)+IF($X67="N",0,INDEX('Rules of Credit'!$B$5:$F$8,MATCH($F67,'Rules of Credit'!$A$5:$A$8,0),4))+INDEX('Rules of Credit'!$B$5:$F$8,MATCH($F67,'Rules of Credit'!$A$5:$A$8,0),5)),0) -> 0 | Q67: =IF(OR($H67="",$I67=""),0,IF('Tracker Summary'!$C$3<$H67,0,IF('Tracker Summary'!$C$3>=$I67,1,('Tracker Summary'!$C$3-$H67)/($I67-$H67+1)))) -> 0 | R67: =P67-Q67 -> 0 | S67: =IF($I67="","Not scheduled",IF(P67>=1,"Complete",IF('Tracker Summary'!$C$3>$I67,"Overdue",IF(P67-Q67<-0.1,"Behind",IF(AND(P67=0,'Tracker Summary'!$C$3<$H67),"Not started","On track"))))) -> Not started | U67: =IFERROR(INDEX(Schedule!$D$2:$D$147,MATCH($G67,Schedule!$A$2:$A$147,0)),"") -> Concrete (Cast-in-Place & Precast) — Influent pump station and flow splitter | V67: =IFERROR(INDEX(Schedule!$F$2:$F$147,MATCH("03-P01",Schedule!$A$2:$A$147,0)),"") -> 45016 | W67: Y | X67: N | Y67: 1 | Z67: 0 | AA67: PROPOSED-IPS-VALVE-VAULTS (Process & Mechanical) | AB67: #41, #240 | AC67: Inferred | AD67: 1 (Inferred per 04) | AF67: 03 40 00 | AG67: 03 40 00 | AH67: Structural & Building
A68: Item | B68: CWP 03 | C68: PROPOSED-Influent-Pump-Station | D68: Influent pump station | E68: Influent Pump Station | F68: Install | G68: 03-C04 | H68: =IFERROR(INDEX(Schedule!$E$2:$E$147,MATCH($G68,Schedule!$A$2:$A$147,0)),"") -> 45078 | I68: =IFERROR(INDEX(Schedule!$F$2:$F$147,MATCH($G68,Schedule!$A$2:$A$147,0)),"") -> 45224 | O68: 1 | P68: =IFERROR((IF(OR(ISNUMBER(J68),UPPER(TRIM(J68))="N/A"),1,0)*IF($W68="N",0,INDEX('Rules of Credit'!$B$5:$F$8,MATCH($F68,'Rules of Credit'!$A$5:$A$8,0),1))+IF(OR(ISNUMBER(K68),UPPER(TRIM(K68))="N/A"),1,0)*INDEX('Rules of Credit'!$B$5:$F$8,MATCH($F68,'Rules of Credit'!$A$5:$A$8,0),2)+IF(OR(ISNUMBER(L68),UPPER(TRIM(L68))="N/A"),1,0)*INDEX('Rules of Credit'!$B$5:$F$8,MATCH($F68,'Rules of Credit'!$A$5:$A$8,0),3)+IF(OR(ISNUMBER(M68),UPPER(TRIM(M68))="N/A"),1,0)*IF($X68="N",0,INDEX('Rules of Credit'!$B$5:$F$8,MATCH($F68,'Rules of Credit'!$A$5:$A$8,0),4))+IF(OR(ISNUMBER(N68),UPPER(TRIM(N68))="N/A"),1,0)*INDEX('Rules of Credit'!$B$5:$F$8,MATCH($F68,'Rules of Credit'!$A$5:$A$8,0),5))/(IF($W68="N",0,INDEX('Rules of Credit'!$B$5:$F$8,MATCH($F68,'Rules of Credit'!$A$5:$A$8,0),1))+INDEX('Rules of Credit'!$B$5:$F$8,MATCH($F68,'Rules of Credit'!$A$5:$A$8,0),2)+INDEX('Rules of Credit'!$B$5:$F$8,MATCH($F68,'Rules of Credit'!$A$5:$A$8,0),3)+IF($X68="N",0,INDEX('Rules of Credit'!$B$5:$F$8,MATCH($F68,'Rules of Credit'!$A$5:$A$8,0),4))+INDEX('Rules of Credit'!$B$5:$F$8,MATCH($F68,'Rules of Credit'!$A$5:$A$8,0),5)),0) -> 0 | Q68: =IF(OR($H68="",$I68=""),0,IF('Tracker Summary'!$C$3<$H68,0,IF('Tracker Summary'!$C$3>=$I68,1,('Tracker Summary'!$C$3-$H68)/($I68-$H68+1)))) -> 0 | R68: =P68-Q68 -> 0 | S68: =IF($I68="","Not scheduled",IF(P68>=1,"Complete",IF('Tracker Summary'!$C$3>$I68,"Overdue",IF(P68-Q68<-0.1,"Behind",IF(AND(P68=0,'Tracker Summary'!$C$3<$H68),"Not started","On track"))))) -> Not started | U68: =IFERROR(INDEX(Schedule!$D$2:$D$147,MATCH($G68,Schedule!$A$2:$A$147,0)),"") -> Concrete (Cast-in-Place & Precast) — Influent pump station and flow splitter | V68: =IFERROR(INDEX(Schedule!$F$2:$F$147,MATCH("03-P01",Schedule!$A$2:$A$147,0)),"") -> 45016 | W68: N | X68: Y | Y68: 0 | Z68: 6 | AA68: PROPOSED-INFLUENT-PUMP-STATION-WET-WELL (Process & Mechanical); PROPOSED-Influent-Pump-Station-Precast-Wet-Well (Structural & Building) | AB68: #37, #251 | AC68: Inferred | AD68: 1 | AF68: 00 31 13; 00 73 00; 01 45 00; 01 50 00 | AG68: 00 31 13; 00 73 00; 01 45 00; 01 50 00; CQA Plan | AH68: Contract & General
A69: Item | B69: CWP 03 | C69: PROPOSED-Train-3-Concrete-Tank | D69: Train 3 cast-in-place concrete tank — 12 in circular wall on 12 in mat slab with raised center pedestal | E69: Train 3 | F69: Install | G69: 03-C06 | H69: =IFERROR(INDEX(Schedule!$E$2:$E$147,MATCH($G69,Schedule!$A$2:$A$147,0)),"") -> 45139 | I69: =IFERROR(INDEX(Schedule!$F$2:$F$147,MATCH($G69,Schedule!$A$2:$A$147,0)),"") -> 45481 | O69: 1 | P69: =IFERROR((IF(OR(ISNUMBER(J69),UPPER(TRIM(J69))="N/A"),1,0)*IF($W69="N",0,INDEX('Rules of Credit'!$B$5:$F$8,MATCH($F69,'Rules of Credit'!$A$5:$A$8,0),1))+IF(OR(ISNUMBER(K69),UPPER(TRIM(K69))="N/A"),1,0)*INDEX('Rules of Credit'!$B$5:$F$8,MATCH($F69,'Rules of Credit'!$A$5:$A$8,0),2)+IF(OR(ISNUMBER(L69),UPPER(TRIM(L69))="N/A"),1,0)*INDEX('Rules of Credit'!$B$5:$F$8,MATCH($F69,'Rules of Credit'!$A$5:$A$8,0),3)+IF(OR(ISNUMBER(M69),UPPER(TRIM(M69))="N/A"),1,0)*IF($X69="N",0,INDEX('Rules of Credit'!$B$5:$F$8,MATCH($F69,'Rules of Credit'!$A$5:$A$8,0),4))+IF(OR(ISNUMBER(N69),UPPER(TRIM(N69))="N/A"),1,0)*INDEX('Rules of Credit'!$B$5:$F$8,MATCH($F69,'Rules of Credit'!$A$5:$A$8,0),5))/(IF($W69="N",0,INDEX('Rules of Credit'!$B$5:$F$8,MATCH($F69,'Rules of Credit'!$A$5:$A$8,0),1))+INDEX('Rules of Credit'!$B$5:$F$8,MATCH($F69,'Rules of Credit'!$A$5:$A$8,0),2)+INDEX('Rules of Credit'!$B$5:$F$8,MATCH($F69,'Rules of Credit'!$A$5:$A$8,0),3)+IF($X69="N",0,INDEX('Rules of Credit'!$B$5:$F$8,MATCH($F69,'Rules of Credit'!$A$5:$A$8,0),4))+INDEX('Rules of Credit'!$B$5:$F$8,MATCH($F69,'Rules of Credit'!$A$5:$A$8,0),5)),0) -> 0 | Q69: =IF(OR($H69="",$I69=""),0,IF('Tracker Summary'!$C$3<$H69,0,IF('Tracker Summary'!$C$3>=$I69,1,('Tracker Summary'!$C$3-$H69)/($I69-$H69+1)))) -> 0 | R69: =P69-Q69 -> 0 | S69: =IF($I69="","Not scheduled",IF(P69>=1,"Complete",IF('Tracker Summary'!$C$3>$I69,"Overdue",IF(P69-Q69<-0.1,"Behind",IF(AND(P69=0,'Tracker Summary'!$C$3<$H69),"Not started","On track"))))) -> Not started | U69: =IFERROR(INDEX(Schedule!$D$2:$D$147,MATCH($G69,Schedule!$A$2:$A$147,0)),"") -> Concrete (Cast-in-Place & Precast) — Train 3 | V69: =IFERROR(INDEX(Schedule!$F$2:$F$147,MATCH("03-P01",Schedule!$A$2:$A$147,0)),"") -> 45016 | W69: Y | X69: Y | Y69: 5 | Z69: 2 | AA69: PROPOSED-TRAIN-3-TANK (Process & Mechanical) | AB69: #29, #158 | AC69: Unresolved | AD69: 1 (Inferred per 04) | AE69: S2.1; S1.1; S4.1 | AF69: 03 30 00 | AG69: S2.1; S1.1; 03 30 00 | AH69: Structural & Building
A70: Item | B70: CWP 03 | C70: PROPOSED-Generator-Slab | D70: Generator slab-on-grade, 6 in with thickened edge (about 1 ft-6 in min. deep) | E70: Generator Pad | F70: Install | G70: 03-C03 | H70: =IFERROR(INDEX(Schedule!$E$2:$E$147,MATCH($G70,Schedule!$A$2:$A$147,0)),"") -> 45352 | I70: =IFERROR(INDEX(Schedule!$F$2:$F$147,MATCH($G70,Schedule!$A$2:$A$147,0)),"") -> 45412 | O70: 1 | P70: =IFERROR((IF(OR(ISNUMBER(J70),UPPER(TRIM(J70))="N/A"),1,0)*IF($W70="N",0,INDEX('Rules of Credit'!$B$5:$F$8,MATCH($F70,'Rules of Credit'!$A$5:$A$8,0),1))+IF(OR(ISNUMBER(K70),UPPER(TRIM(K70))="N/A"),1,0)*INDEX('Rules of Credit'!$B$5:$F$8,MATCH($F70,'Rules of Credit'!$A$5:$A$8,0),2)+IF(OR(ISNUMBER(L70),UPPER(TRIM(L70))="N/A"),1,0)*INDEX('Rules of Credit'!$B$5:$F$8,MATCH($F70,'Rules of Credit'!$A$5:$A$8,0),3)+IF(OR(ISNUMBER(M70),UPPER(TRIM(M70))="N/A"),1,0)*IF($X70="N",0,INDEX('Rules of Credit'!$B$5:$F$8,MATCH($F70,'Rules of Credit'!$A$5:$A$8,0),4))+IF(OR(ISNUMBER(N70),UPPER(TRIM(N70))="N/A"),1,0)*INDEX('Rules of Credit'!$B$5:$F$8,MATCH($F70,'Rules of Credit'!$A$5:$A$8,0),5))/(IF($W70="N",0,INDEX('Rules of Credit'!$B$5:$F$8,MATCH($F70,'Rules of Credit'!$A$5:$A$8,0),1))+INDEX('Rules of Credit'!$B$5:$F$8,MATCH($F70,'Rules of Credit'!$A$5:$A$8,0),2)+INDEX('Rules of Credit'!$B$5:$F$8,MATCH($F70,'Rules of Credit'!$A$5:$A$8,0),3)+IF($X70="N",0,INDEX('Rules of Credit'!$B$5:$F$8,MATCH($F70,'Rules of Credit'!$A$5:$A$8,0),4))+INDEX('Rules of Credit'!$B$5:$F$8,MATCH($F70,'Rules of Credit'!$A$5:$A$8,0),5)),0) -> 0 | Q70: =IF(OR($H70="",$I70=""),0,IF('Tracker Summary'!$C$3<$H70,0,IF('Tracker Summary'!$C$3>=$I70,1,('Tracker Summary'!$C$3-$H70)/($I70-$H70+1)))) -> 0 | R70: =P70-Q70 -> 0 | S70: =IF($I70="","Not scheduled",IF(P70>=1,"Complete",IF('Tracker Summary'!$C$3>$I70,"Overdue",IF(P70-Q70<-0.1,"Behind",IF(AND(P70=0,'Tracker Summary'!$C$3<$H70),"Not started","On track"))))) -> Not started | U70: =IFERROR(INDEX(Schedule!$D$2:$D$147,MATCH($G70,Schedule!$A$2:$A$147,0)),"") -> Concrete (Cast-in-Place & Precast) — Permanent standby generator | V70: =IFERROR(INDEX(Schedule!$F$2:$F$147,MATCH("03-P01",Schedule!$A$2:$A$147,0)),"") -> 45016 | W70: Y | X70: Y | Y70: 3 | Z70: 1 | AB70: #201 | AC70: Unresolved | AD70: 1 (Inferred per 04) | AE70: S2.4 | AF70: 03 30 00 | AG70: S2.4; 03 30 00 | AH70: Structural & Building
A71: Section | B71: CWP 05 | C71: Metals (Grating, Railings, Ladders, Stairs) | D71: =COUNTIF(A72:A77,"Item")&" items · "&COUNTIF(S72:S77,"Overdue")&" overdue · "&COUNTIF(S72:S77,"Complete")&" complete" -> 6 items · 0 overdue · 0 complete | H71: =MIN(H72:H77) -> 45017 | I71: =MAX(I72:I77) -> 45481 | O71: =SUM(O72:O77) -> 6 | P71: =IFERROR(SUMPRODUCT(O72:O77,P72:P77)/SUM(O72:O77),0) -> 0 | Q71: =IFERROR(SUMPRODUCT(O72:O77,Q72:Q77)/SUM(O72:O77),0) -> 0 | R71: =P71-Q71 -> 0
A72: Item | B72: CWP 05 | C72: PROPOSED-UV-DIGESTER-GRATING-GUARDRAIL | D72: UV/digester guardrail with removable guard chains, removable grating over digester, aluminum access ladders (nominal 2 ft wide) | E72: UV Disinfection Chamber & Digester | F72: Install | G72: 05-C02 | H72: =IFERROR(INDEX(Schedule!$E$2:$E$147,MATCH($G72,Schedule!$A$2:$A$147,0)),"") -> 45017 | I72: =IFERROR(INDEX(Schedule!$F$2:$F$147,MATCH($G72,Schedule!$A$2:$A$147,0)),"") -> 45231 | O72: 1 | P72: =IFERROR((IF(OR(ISNUMBER(J72),UPPER(TRIM(J72))="N/A"),1,0)*IF($W72="N",0,INDEX('Rules of Credit'!$B$5:$F$8,MATCH($F72,'Rules of Credit'!$A$5:$A$8,0),1))+IF(OR(ISNUMBER(K72),UPPER(TRIM(K72))="N/A"),1,0)*INDEX('Rules of Credit'!$B$5:$F$8,MATCH($F72,'Rules of Credit'!$A$5:$A$8,0),2)+IF(OR(ISNUMBER(L72),UPPER(TRIM(L72))="N/A"),1,0)*INDEX('Rules of Credit'!$B$5:$F$8,MATCH($F72,'Rules of Credit'!$A$5:$A$8,0),3)+IF(OR(ISNUMBER(M72),UPPER(TRIM(M72))="N/A"),1,0)*IF($X72="N",0,INDEX('Rules of Credit'!$B$5:$F$8,MATCH($F72,'Rules of Credit'!$A$5:$A$8,0),4))+IF(OR(ISNUMBER(N72),UPPER(TRIM(N72))="N/A"),1,0)*INDEX('Rules of Credit'!$B$5:$F$8,MATCH($F72,'Rules of Credit'!$A$5:$A$8,0),5))/(IF($W72="N",0,INDEX('Rules of Credit'!$B$5:$F$8,MATCH($F72,'Rules of Credit'!$A$5:$A$8,0),1))+INDEX('Rules of Credit'!$B$5:$F$8,MATCH($F72,'Rules of Credit'!$A$5:$A$8,0),2)+INDEX('Rules of Credit'!$B$5:$F$8,MATCH($F72,'Rules of Credit'!$A$5:$A$8,0),3)+IF($X72="N",0,INDEX('Rules of Credit'!$B$5:$F$8,MATCH($F72,'Rules of Credit'!$A$5:$A$8,0),4))+INDEX('Rules of Credit'!$B$5:$F$8,MATCH($F72,'Rules of Credit'!$A$5:$A$8,0),5)),0) -> 0 | Q72: =IF(OR($H72="",$I72=""),0,IF('Tracker Summary'!$C$3<$H72,0,IF('Tracker Summary'!$C$3>=$I72,1,('Tracker Summary'!$C$3-$H72)/($I72-$H72+1)))) -> 0 | R72: =P72-Q72 -> 0 | S72: =IF($I72="","Not scheduled",IF(P72>=1,"Complete",IF('Tracker Summary'!$C$3>$I72,"Overdue",IF(P72-Q72<-0.1,"Behind",IF(AND(P72=0,'Tracker Summary'!$C$3<$H72),"Not started","On track"))))) -> Not started | U72: =IFERROR(INDEX(Schedule!$D$2:$D$147,MATCH($G72,Schedule!$A$2:$A$147,0)),"") -> Metals (Grating, Railings, Ladders, Stairs) — UV chamber and digester | V72: =IFERROR(INDEX(Schedule!$F$2:$F$147,MATCH("05-P01",Schedule!$A$2:$A$147,0)),"") -> 45016 | W72: N | X72: N | Y72: 0 | Z72: 0 | AA72: PROPOSED-UV-Digester-Grating (Structural & Building); PROPOSED-UV-Digester-Guardrail-and-Ladders (Structural & Building) | AB72: #57 | AC72: Inferred | AD72: 1 | AE72: C5.1; C5.2; C5.3 | AG72: C5.1; C5.2; C5.3 | AH72: Process & Mechanical
A73: Item | B73: CWP 05 | C73: PROPOSED-Digester-Grating-Beam | D73: Steel beam, HDG W8x18, spanning the digester for grating support | E73: UV Disinfection Chamber & Digester | F73: Install | G73: 05-C02 | H73: =IFERROR(INDEX(Schedule!$E$2:$E$147,MATCH($G73,Schedule!$A$2:$A$147,0)),"") -> 45017 | I73: =IFERROR(INDEX(Schedule!$F$2:$F$147,MATCH($G73,Schedule!$A$2:$A$147,0)),"") -> 45231 | O73: 1 | P73: =IFERROR((IF(OR(ISNUMBER(J73),UPPER(TRIM(J73))="N/A"),1,0)*IF($W73="N",0,INDEX('Rules of Credit'!$B$5:$F$8,MATCH($F73,'Rules of Credit'!$A$5:$A$8,0),1))+IF(OR(ISNUMBER(K73),UPPER(TRIM(K73))="N/A"),1,0)*INDEX('Rules of Credit'!$B$5:$F$8,MATCH($F73,'Rules of Credit'!$A$5:$A$8,0),2)+IF(OR(ISNUMBER(L73),UPPER(TRIM(L73))="N/A"),1,0)*INDEX('Rules of Credit'!$B$5:$F$8,MATCH($F73,'Rules of Credit'!$A$5:$A$8,0),3)+IF(OR(ISNUMBER(M73),UPPER(TRIM(M73))="N/A"),1,0)*IF($X73="N",0,INDEX('Rules of Credit'!$B$5:$F$8,MATCH($F73,'Rules of Credit'!$A$5:$A$8,0),4))+IF(OR(ISNUMBER(N73),UPPER(TRIM(N73))="N/A"),1,0)*INDEX('Rules of Credit'!$B$5:$F$8,MATCH($F73,'Rules of Credit'!$A$5:$A$8,0),5))/(IF($W73="N",0,INDEX('Rules of Credit'!$B$5:$F$8,MATCH($F73,'Rules of Credit'!$A$5:$A$8,0),1))+INDEX('Rules of Credit'!$B$5:$F$8,MATCH($F73,'Rules of Credit'!$A$5:$A$8,0),2)+INDEX('Rules of Credit'!$B$5:$F$8,MATCH($F73,'Rules of Credit'!$A$5:$A$8,0),3)+IF($X73="N",0,INDEX('Rules of Credit'!$B$5:$F$8,MATCH($F73,'Rules of Credit'!$A$5:$A$8,0),4))+INDEX('Rules of Credit'!$B$5:$F$8,MATCH($F73,'Rules of Credit'!$A$5:$A$8,0),5)),0) -> 0 | Q73: =IF(OR($H73="",$I73=""),0,IF('Tracker Summary'!$C$3<$H73,0,IF('Tracker Summary'!$C$3>=$I73,1,('Tracker Summary'!$C$3-$H73)/($I73-$H73+1)))) -> 0 | R73: =P73-Q73 -> 0 | S73: =IF($I73="","Not scheduled",IF(P73>=1,"Complete",IF('Tracker Summary'!$C$3>$I73,"Overdue",IF(P73-Q73<-0.1,"Behind",IF(AND(P73=0,'Tracker Summary'!$C$3<$H73),"Not started","On track"))))) -> Not started | U73: =IFERROR(INDEX(Schedule!$D$2:$D$147,MATCH($G73,Schedule!$A$2:$A$147,0)),"") -> Metals (Grating, Railings, Ladders, Stairs) — UV chamber and digester | V73: =IFERROR(INDEX(Schedule!$F$2:$F$147,MATCH("05-P01",Schedule!$A$2:$A$147,0)),"") -> 45016 | W73: Y | X73: Y | Y73: 4 | Z73: 2 | AC73: Inferred | AD73: 1 (Inferred per 04) | AE73: S2.2; S1.1 | AF73: 05 50 00 | AG73: S2.2; S1.1; 05 50 00 | AH73: Structural & Building
A74: Item | B74: CWP 05 | C74: PROPOSED-UV-Digester-Grating | D74: Aluminum solid plank grating with continuous HDG edge angles — UV basin and digester | E74: UV Disinfection Chamber & Digester | F74: Install | G74: 05-C02 | H74: =IFERROR(INDEX(Schedule!$E$2:$E$147,MATCH($G74,Schedule!$A$2:$A$147,0)),"") -> 45017 | I74: =IFERROR(INDEX(Schedule!$F$2:$F$147,MATCH($G74,Schedule!$A$2:$A$147,0)),"") -> 45231 | O74: 1 | P74: =IFERROR((IF(OR(ISNUMBER(J74),UPPER(TRIM(J74))="N/A"),1,0)*IF($W74="N",0,INDEX('Rules of Credit'!$B$5:$F$8,MATCH($F74,'Rules of Credit'!$A$5:$A$8,0),1))+IF(OR(ISNUMBER(K74),UPPER(TRIM(K74))="N/A"),1,0)*INDEX('Rules of Credit'!$B$5:$F$8,MATCH($F74,'Rules of Credit'!$A$5:$A$8,0),2)+IF(OR(ISNUMBER(L74),UPPER(TRIM(L74))="N/A"),1,0)*INDEX('Rules of Credit'!$B$5:$F$8,MATCH($F74,'Rules of Credit'!$A$5:$A$8,0),3)+IF(OR(ISNUMBER(M74),UPPER(TRIM(M74))="N/A"),1,0)*IF($X74="N",0,INDEX('Rules of Credit'!$B$5:$F$8,MATCH($F74,'Rules of Credit'!$A$5:$A$8,0),4))+IF(OR(ISNUMBER(N74),UPPER(TRIM(N74))="N/A"),1,0)*INDEX('Rules of Credit'!$B$5:$F$8,MATCH($F74,'Rules of Credit'!$A$5:$A$8,0),5))/(IF($W74="N",0,INDEX('Rules of Credit'!$B$5:$F$8,MATCH($F74,'Rules of Credit'!$A$5:$A$8,0),1))+INDEX('Rules of Credit'!$B$5:$F$8,MATCH($F74,'Rules of Credit'!$A$5:$A$8,0),2)+INDEX('Rules of Credit'!$B$5:$F$8,MATCH($F74,'Rules of Credit'!$A$5:$A$8,0),3)+IF($X74="N",0,INDEX('Rules of Credit'!$B$5:$F$8,MATCH($F74,'Rules of Credit'!$A$5:$A$8,0),4))+INDEX('Rules of Credit'!$B$5:$F$8,MATCH($F74,'Rules of Credit'!$A$5:$A$8,0),5)),0) -> 0 | Q74: =IF(OR($H74="",$I74=""),0,IF('Tracker Summary'!$C$3<$H74,0,IF('Tracker Summary'!$C$3>=$I74,1,('Tracker Summary'!$C$3-$H74)/($I74-$H74+1)))) -> 0 | R74: =P74-Q74 -> 0 | S74: =IF($I74="","Not scheduled",IF(P74>=1,"Complete",IF('Tracker Summary'!$C$3>$I74,"Overdue",IF(P74-Q74<-0.1,"Behind",IF(AND(P74=0,'Tracker Summary'!$C$3<$H74),"Not started","On track"))))) -> Not started | U74: =IFERROR(INDEX(Schedule!$D$2:$D$147,MATCH($G74,Schedule!$A$2:$A$147,0)),"") -> Metals (Grating, Railings, Ladders, Stairs) — UV chamber and digester | V74: =IFERROR(INDEX(Schedule!$F$2:$F$147,MATCH("05-P01",Schedule!$A$2:$A$147,0)),"") -> 45016 | W74: Y | X74: N | Y74: 3 | Z74: 0 | AA74: PROPOSED-UV-DIGESTER-GRATING-GUARDRAIL (Process & Mechanical) | AB74: #57 | AC74: Unresolved | AD74: 1 (Inferred per 04) | AE74: S2.2 | AF74: 05 53 00 | AG74: S2.2; 05 53 00 | AH74: Structural & Building
A75: Item | B75: CWP 05 | C75: PROPOSED-UV-Digester-Guardrail-and-Ladders | D75: Guardrail and ladders at the UV basin and digester — shown "per civil" | E75: UV Disinfection Chamber & Digester | F75: Install | G75: 05-C02 | H75: =IFERROR(INDEX(Schedule!$E$2:$E$147,MATCH($G75,Schedule!$A$2:$A$147,0)),"") -> 45017 | I75: =IFERROR(INDEX(Schedule!$F$2:$F$147,MATCH($G75,Schedule!$A$2:$A$147,0)),"") -> 45231 | O75: 1 | P75: =IFERROR((IF(OR(ISNUMBER(J75),UPPER(TRIM(J75))="N/A"),1,0)*IF($W75="N",0,INDEX('Rules of Credit'!$B$5:$F$8,MATCH($F75,'Rules of Credit'!$A$5:$A$8,0),1))+IF(OR(ISNUMBER(K75),UPPER(TRIM(K75))="N/A"),1,0)*INDEX('Rules of Credit'!$B$5:$F$8,MATCH($F75,'Rules of Credit'!$A$5:$A$8,0),2)+IF(OR(ISNUMBER(L75),UPPER(TRIM(L75))="N/A"),1,0)*INDEX('Rules of Credit'!$B$5:$F$8,MATCH($F75,'Rules of Credit'!$A$5:$A$8,0),3)+IF(OR(ISNUMBER(M75),UPPER(TRIM(M75))="N/A"),1,0)*IF($X75="N",0,INDEX('Rules of Credit'!$B$5:$F$8,MATCH($F75,'Rules of Credit'!$A$5:$A$8,0),4))+IF(OR(ISNUMBER(N75),UPPER(TRIM(N75))="N/A"),1,0)*INDEX('Rules of Credit'!$B$5:$F$8,MATCH($F75,'Rules of Credit'!$A$5:$A$8,0),5))/(IF($W75="N",0,INDEX('Rules of Credit'!$B$5:$F$8,MATCH($F75,'Rules of Credit'!$A$5:$A$8,0),1))+INDEX('Rules of Credit'!$B$5:$F$8,MATCH($F75,'Rules of Credit'!$A$5:$A$8,0),2)+INDEX('Rules of Credit'!$B$5:$F$8,MATCH($F75,'Rules of Credit'!$A$5:$A$8,0),3)+IF($X75="N",0,INDEX('Rules of Credit'!$B$5:$F$8,MATCH($F75,'Rules of Credit'!$A$5:$A$8,0),4))+INDEX('Rules of Credit'!$B$5:$F$8,MATCH($F75,'Rules of Credit'!$A$5:$A$8,0),5)),0) -> 0 | Q75: =IF(OR($H75="",$I75=""),0,IF('Tracker Summary'!$C$3<$H75,0,IF('Tracker Summary'!$C$3>=$I75,1,('Tracker Summary'!$C$3-$H75)/($I75-$H75+1)))) -> 0 | R75: =P75-Q75 -> 0 | S75: =IF($I75="","Not scheduled",IF(P75>=1,"Complete",IF('Tracker Summary'!$C$3>$I75,"Overdue",IF(P75-Q75<-0.1,"Behind",IF(AND(P75=0,'Tracker Summary'!$C$3<$H75),"Not started","On track"))))) -> Not started | U75: =IFERROR(INDEX(Schedule!$D$2:$D$147,MATCH($G75,Schedule!$A$2:$A$147,0)),"") -> Metals (Grating, Railings, Ladders, Stairs) — UV chamber and digester | V75: =IFERROR(INDEX(Schedule!$F$2:$F$147,MATCH("05-P01",Schedule!$A$2:$A$147,0)),"") -> 45016 | W75: Y | X75: N | Y75: 5 | Z75: 0 | AA75: PROPOSED-UV-DIGESTER-GRATING-GUARDRAIL (Process & Mechanical) | AB75: #57, #234 | AC75: Unresolved | AD75: 1 (Inferred per 04) | AE75: S2.2 | AF75: 05 52 00; 05 51 10 | AG75: S2.2; 05 52 00; 05 51 10 | AH75: Structural & Building
A76: Item | B76: CWP 05 | C76: PROPOSED-Train-3-Guardrail-and-Ladders | D76: Train 3 guardrail and ladders — shown "per civil" | E76: Train 3 | F76: Install | G76: 05-C01 | H76: =IFERROR(INDEX(Schedule!$E$2:$E$147,MATCH($G76,Schedule!$A$2:$A$147,0)),"") -> 45139 | I76: =IFERROR(INDEX(Schedule!$F$2:$F$147,MATCH($G76,Schedule!$A$2:$A$147,0)),"") -> 45481 | O76: 1 | P76: =IFERROR((IF(OR(ISNUMBER(J76),UPPER(TRIM(J76))="N/A"),1,0)*IF($W76="N",0,INDEX('Rules of Credit'!$B$5:$F$8,MATCH($F76,'Rules of Credit'!$A$5:$A$8,0),1))+IF(OR(ISNUMBER(K76),UPPER(TRIM(K76))="N/A"),1,0)*INDEX('Rules of Credit'!$B$5:$F$8,MATCH($F76,'Rules of Credit'!$A$5:$A$8,0),2)+IF(OR(ISNUMBER(L76),UPPER(TRIM(L76))="N/A"),1,0)*INDEX('Rules of Credit'!$B$5:$F$8,MATCH($F76,'Rules of Credit'!$A$5:$A$8,0),3)+IF(OR(ISNUMBER(M76),UPPER(TRIM(M76))="N/A"),1,0)*IF($X76="N",0,INDEX('Rules of Credit'!$B$5:$F$8,MATCH($F76,'Rules of Credit'!$A$5:$A$8,0),4))+IF(OR(ISNUMBER(N76),UPPER(TRIM(N76))="N/A"),1,0)*INDEX('Rules of Credit'!$B$5:$F$8,MATCH($F76,'Rules of Credit'!$A$5:$A$8,0),5))/(IF($W76="N",0,INDEX('Rules of Credit'!$B$5:$F$8,MATCH($F76,'Rules of Credit'!$A$5:$A$8,0),1))+INDEX('Rules of Credit'!$B$5:$F$8,MATCH($F76,'Rules of Credit'!$A$5:$A$8,0),2)+INDEX('Rules of Credit'!$B$5:$F$8,MATCH($F76,'Rules of Credit'!$A$5:$A$8,0),3)+IF($X76="N",0,INDEX('Rules of Credit'!$B$5:$F$8,MATCH($F76,'Rules of Credit'!$A$5:$A$8,0),4))+INDEX('Rules of Credit'!$B$5:$F$8,MATCH($F76,'Rules of Credit'!$A$5:$A$8,0),5)),0) -> 0 | Q76: =IF(OR($H76="",$I76=""),0,IF('Tracker Summary'!$C$3<$H76,0,IF('Tracker Summary'!$C$3>=$I76,1,('Tracker Summary'!$C$3-$H76)/($I76-$H76+1)))) -> 0 | R76: =P76-Q76 -> 0 | S76: =IF($I76="","Not scheduled",IF(P76>=1,"Complete",IF('Tracker Summary'!$C$3>$I76,"Overdue",IF(P76-Q76<-0.1,"Behind",IF(AND(P76=0,'Tracker Summary'!$C$3<$H76),"Not started","On track"))))) -> Not started | U76: =IFERROR(INDEX(Schedule!$D$2:$D$147,MATCH($G76,Schedule!$A$2:$A$147,0)),"") -> Metals (Grating, Railings, Ladders, Stairs) — Train 3 | V76: =IFERROR(INDEX(Schedule!$F$2:$F$147,MATCH("05-P01",Schedule!$A$2:$A$147,0)),"") -> 45016 | W76: Y | X76: N | Y76: 4 | Z76: 0 | AA76: PROPOSED-TRAIN-3-WALKWAYS-AND-LADDER (Process & Mechanical); PROPOSED-Handrails (Contract & General) | AB76: #34, #232, #255 | AC76: Unresolved | AD76: 18 — Unresolved (see 04) | AE76: S2.1 | AF76: 05 52 00; 05 51 10 | AG76: S2.1; 05 52 00; 05 51 10 | AH76: Structural & Building
A77: Item | B77: CWP 05 | C77: PROPOSED-Steel-Stairs-Ladders-Platforms | D77: Steel stairs, ladders and grating platforms — galvanized, Contractor-designed, where shown on the plans | E77: Not stated (locations per civil drawings) | F77: Install | G77: 05-C01 | H77: =IFERROR(INDEX(Schedule!$E$2:$E$147,MATCH($G77,Schedule!$A$2:$A$147,0)),"") -> 45139 | I77: =IFERROR(INDEX(Schedule!$F$2:$F$147,MATCH($G77,Schedule!$A$2:$A$147,0)),"") -> 45481 | O77: 1 | P77: =IFERROR((IF(OR(ISNUMBER(J77),UPPER(TRIM(J77))="N/A"),1,0)*IF($W77="N",0,INDEX('Rules of Credit'!$B$5:$F$8,MATCH($F77,'Rules of Credit'!$A$5:$A$8,0),1))+IF(OR(ISNUMBER(K77),UPPER(TRIM(K77))="N/A"),1,0)*INDEX('Rules of Credit'!$B$5:$F$8,MATCH($F77,'Rules of Credit'!$A$5:$A$8,0),2)+IF(OR(ISNUMBER(L77),UPPER(TRIM(L77))="N/A"),1,0)*INDEX('Rules of Credit'!$B$5:$F$8,MATCH($F77,'Rules of Credit'!$A$5:$A$8,0),3)+IF(OR(ISNUMBER(M77),UPPER(TRIM(M77))="N/A"),1,0)*IF($X77="N",0,INDEX('Rules of Credit'!$B$5:$F$8,MATCH($F77,'Rules of Credit'!$A$5:$A$8,0),4))+IF(OR(ISNUMBER(N77),UPPER(TRIM(N77))="N/A"),1,0)*INDEX('Rules of Credit'!$B$5:$F$8,MATCH($F77,'Rules of Credit'!$A$5:$A$8,0),5))/(IF($W77="N",0,INDEX('Rules of Credit'!$B$5:$F$8,MATCH($F77,'Rules of Credit'!$A$5:$A$8,0),1))+INDEX('Rules of Credit'!$B$5:$F$8,MATCH($F77,'Rules of Credit'!$A$5:$A$8,0),2)+INDEX('Rules of Credit'!$B$5:$F$8,MATCH($F77,'Rules of Credit'!$A$5:$A$8,0),3)+IF($X77="N",0,INDEX('Rules of Credit'!$B$5:$F$8,MATCH($F77,'Rules of Credit'!$A$5:$A$8,0),4))+INDEX('Rules of Credit'!$B$5:$F$8,MATCH($F77,'Rules of Credit'!$A$5:$A$8,0),5)),0) -> 0 | Q77: =IF(OR($H77="",$I77=""),0,IF('Tracker Summary'!$C$3<$H77,0,IF('Tracker Summary'!$C$3>=$I77,1,('Tracker Summary'!$C$3-$H77)/($I77-$H77+1)))) -> 0 | R77: =P77-Q77 -> 0 | S77: =IF($I77="","Not scheduled",IF(P77>=1,"Complete",IF('Tracker Summary'!$C$3>$I77,"Overdue",IF(P77-Q77<-0.1,"Behind",IF(AND(P77=0,'Tracker Summary'!$C$3<$H77),"Not started","On track"))))) -> Not started | U77: =IFERROR(INDEX(Schedule!$D$2:$D$147,MATCH($G77,Schedule!$A$2:$A$147,0)),"") -> Metals (Grating, Railings, Ladders, Stairs) — Train 3 | V77: =IFERROR(INDEX(Schedule!$F$2:$F$147,MATCH("05-P01",Schedule!$A$2:$A$147,0)),"") -> 45016 | W77: Y | X77: N | Y77: 5 | Z77: 0 | AB77: #241, #255 | AC77: Unresolved | AD77: 1 (Inferred per 04); any Train 3 portion: 18 — Unresolved (see 04) | AE77: S1.1 | AF77: 05 51 10; 05 53 00; 05 52 00 | AG77: S1.1; 05 51 10 | AH77: Structural & Building
A78: Section | B78: CWP 08 | C78: Doors, Frames & Hardware | D78: =COUNTIF(A79:A82,"Item")&" items · "&COUNTIF(S79:S82,"Overdue")&" overdue · "&COUNTIF(S79:S82,"Complete")&" complete" -> 4 items · 0 overdue · 0 complete | H78: =MIN(H79:H82) -> 45017 | I78: =MAX(I79:I82) -> 45138 | O78: =SUM(O79:O82) -> 4 | P78: =IFERROR(SUMPRODUCT(O79:O82,P79:P82)/SUM(O79:O82),0) -> 0 | Q78: =IFERROR(SUMPRODUCT(O79:O82,Q79:Q82)/SUM(O79:O82),0) -> 0 | R78: =P78-Q78 -> 0
A79: Item | B79: CWP 08 | C79: 101A | D79: Door pair, 10 ft-0 in x 8 ft-0 in x 1-3/4 in, insulated hollow metal, painted, Type B — 2 openings tagged 101A | E79: Blower Building | F79: Install | G79: 08-C01 | H79: =IFERROR(INDEX(Schedule!$E$2:$E$147,MATCH($G79,Schedule!$A$2:$A$147,0)),"") -> 45017 | I79: =IFERROR(INDEX(Schedule!$F$2:$F$147,MATCH($G79,Schedule!$A$2:$A$147,0)),"") -> 45138 | O79: 1 | P79: =IFERROR((IF(OR(ISNUMBER(J79),UPPER(TRIM(J79))="N/A"),1,0)*IF($W79="N",0,INDEX('Rules of Credit'!$B$5:$F$8,MATCH($F79,'Rules of Credit'!$A$5:$A$8,0),1))+IF(OR(ISNUMBER(K79),UPPER(TRIM(K79))="N/A"),1,0)*INDEX('Rules of Credit'!$B$5:$F$8,MATCH($F79,'Rules of Credit'!$A$5:$A$8,0),2)+IF(OR(ISNUMBER(L79),UPPER(TRIM(L79))="N/A"),1,0)*INDEX('Rules of Credit'!$B$5:$F$8,MATCH($F79,'Rules of Credit'!$A$5:$A$8,0),3)+IF(OR(ISNUMBER(M79),UPPER(TRIM(M79))="N/A"),1,0)*IF($X79="N",0,INDEX('Rules of Credit'!$B$5:$F$8,MATCH($F79,'Rules of Credit'!$A$5:$A$8,0),4))+IF(OR(ISNUMBER(N79),UPPER(TRIM(N79))="N/A"),1,0)*INDEX('Rules of Credit'!$B$5:$F$8,MATCH($F79,'Rules of Credit'!$A$5:$A$8,0),5))/(IF($W79="N",0,INDEX('Rules of Credit'!$B$5:$F$8,MATCH($F79,'Rules of Credit'!$A$5:$A$8,0),1))+INDEX('Rules of Credit'!$B$5:$F$8,MATCH($F79,'Rules of Credit'!$A$5:$A$8,0),2)+INDEX('Rules of Credit'!$B$5:$F$8,MATCH($F79,'Rules of Credit'!$A$5:$A$8,0),3)+IF($X79="N",0,INDEX('Rules of Credit'!$B$5:$F$8,MATCH($F79,'Rules of Credit'!$A$5:$A$8,0),4))+INDEX('Rules of Credit'!$B$5:$F$8,MATCH($F79,'Rules of Credit'!$A$5:$A$8,0),5)),0) -> 0 | Q79: =IF(OR($H79="",$I79=""),0,IF('Tracker Summary'!$C$3<$H79,0,IF('Tracker Summary'!$C$3>=$I79,1,('Tracker Summary'!$C$3-$H79)/($I79-$H79+1)))) -> 0 | R79: =P79-Q79 -> 0 | S79: =IF($I79="","Not scheduled",IF(P79>=1,"Complete",IF('Tracker Summary'!$C$3>$I79,"Overdue",IF(P79-Q79<-0.1,"Behind",IF(AND(P79=0,'Tracker Summary'!$C$3<$H79),"Not started","On track"))))) -> Not started | U79: =IFERROR(INDEX(Schedule!$D$2:$D$147,MATCH($G79,Schedule!$A$2:$A$147,0)),"") -> Doors, Frames & Hardware — Blower Building | V79: =IFERROR(INDEX(Schedule!$F$2:$F$147,MATCH("08-P01",Schedule!$A$2:$A$147,0)),"") -> 45016 | W79: Y | X79: Y | Y79: 4 | Z79: 3 | AC79: Unresolved | AD79: 1 (Inferred per 04) | AE79: A1.1; A1.2 | AF79: 08 10 00; 08 70 00; 09 90 00 | AG79: A1.1; A1.2; 08 10 00; 08 70 00; 09 90 00 | AH79: Structural & Building
A80: Item | B80: CWP 08 | C80: 101B | D80: Door, 3 ft-0 in wide, insulated hollow metal, painted, Type A | E80: Blower Building | F80: Install | G80: 08-C01 | H80: =IFERROR(INDEX(Schedule!$E$2:$E$147,MATCH($G80,Schedule!$A$2:$A$147,0)),"") -> 45017 | I80: =IFERROR(INDEX(Schedule!$F$2:$F$147,MATCH($G80,Schedule!$A$2:$A$147,0)),"") -> 45138 | O80: 1 | P80: =IFERROR((IF(OR(ISNUMBER(J80),UPPER(TRIM(J80))="N/A"),1,0)*IF($W80="N",0,INDEX('Rules of Credit'!$B$5:$F$8,MATCH($F80,'Rules of Credit'!$A$5:$A$8,0),1))+IF(OR(ISNUMBER(K80),UPPER(TRIM(K80))="N/A"),1,0)*INDEX('Rules of Credit'!$B$5:$F$8,MATCH($F80,'Rules of Credit'!$A$5:$A$8,0),2)+IF(OR(ISNUMBER(L80),UPPER(TRIM(L80))="N/A"),1,0)*INDEX('Rules of Credit'!$B$5:$F$8,MATCH($F80,'Rules of Credit'!$A$5:$A$8,0),3)+IF(OR(ISNUMBER(M80),UPPER(TRIM(M80))="N/A"),1,0)*IF($X80="N",0,INDEX('Rules of Credit'!$B$5:$F$8,MATCH($F80,'Rules of Credit'!$A$5:$A$8,0),4))+IF(OR(ISNUMBER(N80),UPPER(TRIM(N80))="N/A"),1,0)*INDEX('Rules of Credit'!$B$5:$F$8,MATCH($F80,'Rules of Credit'!$A$5:$A$8,0),5))/(IF($W80="N",0,INDEX('Rules of Credit'!$B$5:$F$8,MATCH($F80,'Rules of Credit'!$A$5:$A$8,0),1))+INDEX('Rules of Credit'!$B$5:$F$8,MATCH($F80,'Rules of Credit'!$A$5:$A$8,0),2)+INDEX('Rules of Credit'!$B$5:$F$8,MATCH($F80,'Rules of Credit'!$A$5:$A$8,0),3)+IF($X80="N",0,INDEX('Rules of Credit'!$B$5:$F$8,MATCH($F80,'Rules of Credit'!$A$5:$A$8,0),4))+INDEX('Rules of Credit'!$B$5:$F$8,MATCH($F80,'Rules of Credit'!$A$5:$A$8,0),5)),0) -> 0 | Q80: =IF(OR($H80="",$I80=""),0,IF('Tracker Summary'!$C$3<$H80,0,IF('Tracker Summary'!$C$3>=$I80,1,('Tracker Summary'!$C$3-$H80)/($I80-$H80+1)))) -> 0 | R80: =P80-Q80 -> 0 | S80: =IF($I80="","Not scheduled",IF(P80>=1,"Complete",IF('Tracker Summary'!$C$3>$I80,"Overdue",IF(P80-Q80<-0.1,"Behind",IF(AND(P80=0,'Tracker Summary'!$C$3<$H80),"Not started","On track"))))) -> Not started | U80: =IFERROR(INDEX(Schedule!$D$2:$D$147,MATCH($G80,Schedule!$A$2:$A$147,0)),"") -> Doors, Frames & Hardware — Blower Building | V80: =IFERROR(INDEX(Schedule!$F$2:$F$147,MATCH("08-P01",Schedule!$A$2:$A$147,0)),"") -> 45016 | W80: Y | X80: Y | Y80: 4 | Z80: 3 | AC80: Unresolved | AD80: 1 (Inferred per 04) | AE80: A1.1; A1.2 | AF80: 08 10 00; 08 70 00; 09 90 00 | AG80: A1.1; A1.2; 08 10 00; 08 70 00; 09 90 00 | AH80: Structural & Building
A81: Item | B81: CWP 08 | C81: 101C | D81: Door, 5 ft-0 in x 8 ft-0 in x 1-3/4 in, insulated hollow metal, painted, Type A | E81: Blower Building | F81: Install | G81: 08-C01 | H81: =IFERROR(INDEX(Schedule!$E$2:$E$147,MATCH($G81,Schedule!$A$2:$A$147,0)),"") -> 45017 | I81: =IFERROR(INDEX(Schedule!$F$2:$F$147,MATCH($G81,Schedule!$A$2:$A$147,0)),"") -> 45138 | O81: 1 | P81: =IFERROR((IF(OR(ISNUMBER(J81),UPPER(TRIM(J81))="N/A"),1,0)*IF($W81="N",0,INDEX('Rules of Credit'!$B$5:$F$8,MATCH($F81,'Rules of Credit'!$A$5:$A$8,0),1))+IF(OR(ISNUMBER(K81),UPPER(TRIM(K81))="N/A"),1,0)*INDEX('Rules of Credit'!$B$5:$F$8,MATCH($F81,'Rules of Credit'!$A$5:$A$8,0),2)+IF(OR(ISNUMBER(L81),UPPER(TRIM(L81))="N/A"),1,0)*INDEX('Rules of Credit'!$B$5:$F$8,MATCH($F81,'Rules of Credit'!$A$5:$A$8,0),3)+IF(OR(ISNUMBER(M81),UPPER(TRIM(M81))="N/A"),1,0)*IF($X81="N",0,INDEX('Rules of Credit'!$B$5:$F$8,MATCH($F81,'Rules of Credit'!$A$5:$A$8,0),4))+IF(OR(ISNUMBER(N81),UPPER(TRIM(N81))="N/A"),1,0)*INDEX('Rules of Credit'!$B$5:$F$8,MATCH($F81,'Rules of Credit'!$A$5:$A$8,0),5))/(IF($W81="N",0,INDEX('Rules of Credit'!$B$5:$F$8,MATCH($F81,'Rules of Credit'!$A$5:$A$8,0),1))+INDEX('Rules of Credit'!$B$5:$F$8,MATCH($F81,'Rules of Credit'!$A$5:$A$8,0),2)+INDEX('Rules of Credit'!$B$5:$F$8,MATCH($F81,'Rules of Credit'!$A$5:$A$8,0),3)+IF($X81="N",0,INDEX('Rules of Credit'!$B$5:$F$8,MATCH($F81,'Rules of Credit'!$A$5:$A$8,0),4))+INDEX('Rules of Credit'!$B$5:$F$8,MATCH($F81,'Rules of Credit'!$A$5:$A$8,0),5)),0) -> 0 | Q81: =IF(OR($H81="",$I81=""),0,IF('Tracker Summary'!$C$3<$H81,0,IF('Tracker Summary'!$C$3>=$I81,1,('Tracker Summary'!$C$3-$H81)/($I81-$H81+1)))) -> 0 | R81: =P81-Q81 -> 0 | S81: =IF($I81="","Not scheduled",IF(P81>=1,"Complete",IF('Tracker Summary'!$C$3>$I81,"Overdue",IF(P81-Q81<-0.1,"Behind",IF(AND(P81=0,'Tracker Summary'!$C$3<$H81),"Not started","On track"))))) -> Not started | U81: =IFERROR(INDEX(Schedule!$D$2:$D$147,MATCH($G81,Schedule!$A$2:$A$147,0)),"") -> Doors, Frames & Hardware — Blower Building | V81: =IFERROR(INDEX(Schedule!$F$2:$F$147,MATCH("08-P01",Schedule!$A$2:$A$147,0)),"") -> 45016 | W81: Y | X81: Y | Y81: 4 | Z81: 3 | AC81: Unresolved | AD81: 1 (Inferred per 04) | AE81: A1.1; A1.2 | AF81: 08 10 00; 08 70 00; 09 90 00 | AG81: A1.1; A1.2; 08 10 00; 08 70 00; 09 90 00 | AH81: Structural & Building
A82: Item | B82: CWP 08 | C82: PROPOSED-Boot-Brush-and-Pad | D82: Boot and shoe brush with scraper (Gempler's #2900) on a concrete pad next to the Blower Building exterior door | E82: Blower Building | F82: Install | G82: 08-C01 | H82: =IFERROR(INDEX(Schedule!$E$2:$E$147,MATCH($G82,Schedule!$A$2:$A$147,0)),"") -> 45017 | I82: =IFERROR(INDEX(Schedule!$F$2:$F$147,MATCH($G82,Schedule!$A$2:$A$147,0)),"") -> 45138 | O82: 1 | P82: =IFERROR((IF(OR(ISNUMBER(J82),UPPER(TRIM(J82))="N/A"),1,0)*IF($W82="N",0,INDEX('Rules of Credit'!$B$5:$F$8,MATCH($F82,'Rules of Credit'!$A$5:$A$8,0),1))+IF(OR(ISNUMBER(K82),UPPER(TRIM(K82))="N/A"),1,0)*INDEX('Rules of Credit'!$B$5:$F$8,MATCH($F82,'Rules of Credit'!$A$5:$A$8,0),2)+IF(OR(ISNUMBER(L82),UPPER(TRIM(L82))="N/A"),1,0)*INDEX('Rules of Credit'!$B$5:$F$8,MATCH($F82,'Rules of Credit'!$A$5:$A$8,0),3)+IF(OR(ISNUMBER(M82),UPPER(TRIM(M82))="N/A"),1,0)*IF($X82="N",0,INDEX('Rules of Credit'!$B$5:$F$8,MATCH($F82,'Rules of Credit'!$A$5:$A$8,0),4))+IF(OR(ISNUMBER(N82),UPPER(TRIM(N82))="N/A"),1,0)*INDEX('Rules of Credit'!$B$5:$F$8,MATCH($F82,'Rules of Credit'!$A$5:$A$8,0),5))/(IF($W82="N",0,INDEX('Rules of Credit'!$B$5:$F$8,MATCH($F82,'Rules of Credit'!$A$5:$A$8,0),1))+INDEX('Rules of Credit'!$B$5:$F$8,MATCH($F82,'Rules of Credit'!$A$5:$A$8,0),2)+INDEX('Rules of Credit'!$B$5:$F$8,MATCH($F82,'Rules of Credit'!$A$5:$A$8,0),3)+IF($X82="N",0,INDEX('Rules of Credit'!$B$5:$F$8,MATCH($F82,'Rules of Credit'!$A$5:$A$8,0),4))+INDEX('Rules of Credit'!$B$5:$F$8,MATCH($F82,'Rules of Credit'!$A$5:$A$8,0),5)),0) -> 0 | Q82: =IF(OR($H82="",$I82=""),0,IF('Tracker Summary'!$C$3<$H82,0,IF('Tracker Summary'!$C$3>=$I82,1,('Tracker Summary'!$C$3-$H82)/($I82-$H82+1)))) -> 0 | R82: =P82-Q82 -> 0 | S82: =IF($I82="","Not scheduled",IF(P82>=1,"Complete",IF('Tracker Summary'!$C$3>$I82,"Overdue",IF(P82-Q82<-0.1,"Behind",IF(AND(P82=0,'Tracker Summary'!$C$3<$H82),"Not started","On track"))))) -> Not started | U82: =IFERROR(INDEX(Schedule!$D$2:$D$147,MATCH($G82,Schedule!$A$2:$A$147,0)),"") -> Doors, Frames & Hardware — Blower Building | V82: =IFERROR(INDEX(Schedule!$F$2:$F$147,MATCH("08-P01",Schedule!$A$2:$A$147,0)),"") -> 45016 | W82: Y | X82: N | Y82: 1 | Z82: 0 | AB82: #129 | AC82: Inferred | AD82: 1 (Inferred per 04) | AF82: 08 70 00 | AG82: 08 70 00 | AH82: Structural & Building
A83: Section | B83: CWP 09 | C83: Painting & Coatings | D83: =COUNTIF(A84:A84,"Item")&" items · "&COUNTIF(S84:S84,"Overdue")&" overdue · "&COUNTIF(S84:S84,"Complete")&" complete" -> 1 items · 0 overdue · 0 complete | H83: =MIN(H84:H84) -> 45078 | I83: =MAX(I84:I84) -> 45224 | O83: =SUM(O84:O84) -> 1 | P83: =IFERROR(SUMPRODUCT(O84:O84,P84:P84)/SUM(O84:O84),0) -> 0 | Q83: =IFERROR(SUMPRODUCT(O84:O84,Q84:Q84)/SUM(O84:O84),0) -> 0 | R83: =P83-Q83 -> 0
A84: Item | B84: CWP 09 | C84: PROPOSED-Influent-Pump-Station-Interior-Coating | D84: Epoxy protective lining, spray-applied 100% solids (Raven 405 or Tnemec G436), on all interior concrete surfaces — Influent Pump Station | E84: Influent Pump Station | F84: Install | G84: 09-C01 | H84: =IFERROR(INDEX(Schedule!$E$2:$E$147,MATCH($G84,Schedule!$A$2:$A$147,0)),"") -> 45078 | I84: =IFERROR(INDEX(Schedule!$F$2:$F$147,MATCH($G84,Schedule!$A$2:$A$147,0)),"") -> 45224 | O84: 1 | P84: =IFERROR((IF(OR(ISNUMBER(J84),UPPER(TRIM(J84))="N/A"),1,0)*IF($W84="N",0,INDEX('Rules of Credit'!$B$5:$F$8,MATCH($F84,'Rules of Credit'!$A$5:$A$8,0),1))+IF(OR(ISNUMBER(K84),UPPER(TRIM(K84))="N/A"),1,0)*INDEX('Rules of Credit'!$B$5:$F$8,MATCH($F84,'Rules of Credit'!$A$5:$A$8,0),2)+IF(OR(ISNUMBER(L84),UPPER(TRIM(L84))="N/A"),1,0)*INDEX('Rules of Credit'!$B$5:$F$8,MATCH($F84,'Rules of Credit'!$A$5:$A$8,0),3)+IF(OR(ISNUMBER(M84),UPPER(TRIM(M84))="N/A"),1,0)*IF($X84="N",0,INDEX('Rules of Credit'!$B$5:$F$8,MATCH($F84,'Rules of Credit'!$A$5:$A$8,0),4))+IF(OR(ISNUMBER(N84),UPPER(TRIM(N84))="N/A"),1,0)*INDEX('Rules of Credit'!$B$5:$F$8,MATCH($F84,'Rules of Credit'!$A$5:$A$8,0),5))/(IF($W84="N",0,INDEX('Rules of Credit'!$B$5:$F$8,MATCH($F84,'Rules of Credit'!$A$5:$A$8,0),1))+INDEX('Rules of Credit'!$B$5:$F$8,MATCH($F84,'Rules of Credit'!$A$5:$A$8,0),2)+INDEX('Rules of Credit'!$B$5:$F$8,MATCH($F84,'Rules of Credit'!$A$5:$A$8,0),3)+IF($X84="N",0,INDEX('Rules of Credit'!$B$5:$F$8,MATCH($F84,'Rules of Credit'!$A$5:$A$8,0),4))+INDEX('Rules of Credit'!$B$5:$F$8,MATCH($F84,'Rules of Credit'!$A$5:$A$8,0),5)),0) -> 0 | Q84: =IF(OR($H84="",$I84=""),0,IF('Tracker Summary'!$C$3<$H84,0,IF('Tracker Summary'!$C$3>=$I84,1,('Tracker Summary'!$C$3-$H84)/($I84-$H84+1)))) -> 0 | R84: =P84-Q84 -> 0 | S84: =IF($I84="","Not scheduled",IF(P84>=1,"Complete",IF('Tracker Summary'!$C$3>$I84,"Overdue",IF(P84-Q84<-0.1,"Behind",IF(AND(P84=0,'Tracker Summary'!$C$3<$H84),"Not started","On track"))))) -> Not started | U84: =IFERROR(INDEX(Schedule!$D$2:$D$147,MATCH($G84,Schedule!$A$2:$A$147,0)),"") -> Painting & Coatings — Influent pump station and flow splitter | V84: =IFERROR(INDEX(Schedule!$F$2:$F$147,MATCH("09-P01",Schedule!$A$2:$A$147,0)),"") -> 45077 | W84: Y | X84: Y | Y84: 2 | Z84: 1 | AB84: #130, #243 | AC84: Inferred | AD84: 1 (Inferred per 04) | AF84: 09 97 23 | AG84: 09 97 23 | AH84: Structural & Building
A85: Section | B85: CWP 10 | C85: Specialties | D85: =COUNTIF(A86:A88,"Item")&" items · "&COUNTIF(S86:S88,"Overdue")&" overdue · "&COUNTIF(S86:S88,"Complete")&" complete" -> 3 items · 0 overdue · 0 complete | H85: =MIN(H86:H88) -> 45017 | I85: =MAX(I86:I88) -> 45481 | O85: =SUM(O86:O88) -> 3 | P85: =IFERROR(SUMPRODUCT(O86:O88,P86:P88)/SUM(O86:O88),0) -> 0 | Q85: =IFERROR(SUMPRODUCT(O86:O88,Q86:Q88)/SUM(O86:O88),0) -> 0 | R85: =P85-Q85 -> 0
A86: Item | B86: CWP 10 | C86: PROPOSED-Fire-Extinguishers-Blower-Building | D86: Fire extinguisher assemblies (2), wall-mounted — Blower Building | E86: Blower Building | F86: Install | G86: 10-C01 | H86: =IFERROR(INDEX(Schedule!$E$2:$E$147,MATCH($G86,Schedule!$A$2:$A$147,0)),"") -> 45017 | I86: =IFERROR(INDEX(Schedule!$F$2:$F$147,MATCH($G86,Schedule!$A$2:$A$147,0)),"") -> 45138 | O86: 1 | P86: =IFERROR((IF(OR(ISNUMBER(J86),UPPER(TRIM(J86))="N/A"),1,0)*IF($W86="N",0,INDEX('Rules of Credit'!$B$5:$F$8,MATCH($F86,'Rules of Credit'!$A$5:$A$8,0),1))+IF(OR(ISNUMBER(K86),UPPER(TRIM(K86))="N/A"),1,0)*INDEX('Rules of Credit'!$B$5:$F$8,MATCH($F86,'Rules of Credit'!$A$5:$A$8,0),2)+IF(OR(ISNUMBER(L86),UPPER(TRIM(L86))="N/A"),1,0)*INDEX('Rules of Credit'!$B$5:$F$8,MATCH($F86,'Rules of Credit'!$A$5:$A$8,0),3)+IF(OR(ISNUMBER(M86),UPPER(TRIM(M86))="N/A"),1,0)*IF($X86="N",0,INDEX('Rules of Credit'!$B$5:$F$8,MATCH($F86,'Rules of Credit'!$A$5:$A$8,0),4))+IF(OR(ISNUMBER(N86),UPPER(TRIM(N86))="N/A"),1,0)*INDEX('Rules of Credit'!$B$5:$F$8,MATCH($F86,'Rules of Credit'!$A$5:$A$8,0),5))/(IF($W86="N",0,INDEX('Rules of Credit'!$B$5:$F$8,MATCH($F86,'Rules of Credit'!$A$5:$A$8,0),1))+INDEX('Rules of Credit'!$B$5:$F$8,MATCH($F86,'Rules of Credit'!$A$5:$A$8,0),2)+INDEX('Rules of Credit'!$B$5:$F$8,MATCH($F86,'Rules of Credit'!$A$5:$A$8,0),3)+IF($X86="N",0,INDEX('Rules of Credit'!$B$5:$F$8,MATCH($F86,'Rules of Credit'!$A$5:$A$8,0),4))+INDEX('Rules of Credit'!$B$5:$F$8,MATCH($F86,'Rules of Credit'!$A$5:$A$8,0),5)),0) -> 0 | Q86: =IF(OR($H86="",$I86=""),0,IF('Tracker Summary'!$C$3<$H86,0,IF('Tracker Summary'!$C$3>=$I86,1,('Tracker Summary'!$C$3-$H86)/($I86-$H86+1)))) -> 0 | R86: =P86-Q86 -> 0 | S86: =IF($I86="","Not scheduled",IF(P86>=1,"Complete",IF('Tracker Summary'!$C$3>$I86,"Overdue",IF(P86-Q86<-0.1,"Behind",IF(AND(P86=0,'Tracker Summary'!$C$3<$H86),"Not started","On track"))))) -> Not started | U86: =IFERROR(INDEX(Schedule!$D$2:$D$147,MATCH($G86,Schedule!$A$2:$A$147,0)),"") -> Specialties — Blower Building | V86: =IFERROR(INDEX(Schedule!$F$2:$F$147,MATCH("10-P01",Schedule!$A$2:$A$147,0)),"") -> 45016 | W86: Y | X86: Y | Y86: 2 | Z86: 1 | AC86: Inferred | AD86: 1 (Inferred per 04) | AE86: A1.1 | AF86: 10 52 00 | AG86: A1.1; 10 52 00 | AH86: Structural & Building
